id,type,is_use,name,resources,fish_shadow,mulriple,mulriple_describe,function_describe,speed,get_bonus_proportion,bounding_radius,bounding_count,distribute_interval_min,layer,fp_path,dead_goldreward_effect,dead_fish_effect,voice_random,dead_dub,dead_bubble,boss_pop,bonuds_text_name,skill,boss_come,zoom,head_portrait,birth_fish_effect,entrance_bubble,standby_bubble,skill_bubble,skill_standby_bubble,skill_over_bubble,personal_dead_bubble,leave_bubble,fish_introduce
int,int,int,int,string,int,int,string,int,int,int,float,float,int,int,string,string,int,int,string,int,string,string,int,string,int,string,string,string,string,string,string,string,string,string,int
#序号,类型,是否使用,名字,资源,阴影,倍数,倍数描述,文字描述,速度,获得奖金比例,碰撞区域宽度,碰撞区域长度,生成鱼间隔区间值,鱼的深度,鱼路径,死亡金币奖励特效,鱼死亡特效,声音触发概率,死亡配音,死亡冒泡文字,boss冒泡,奖金鱼展示,BOSS死亡后获得固定技能,BOSS刷新特效文字资源,鱼的尺寸缩放,鱼的头像,鱼出生特效,"出场文字
大冒险专用","普通待机文字
大冒险专用","技能开始提示文字
大冒险专用","技能持续中提示文字
大冒险专用","技能结束文字
大冒险专用","死亡冒泡文字 
大冒险专用   ","离场泡泡
大冒险专用",是否在图鉴中显示
"#新手从101开始
十倍房从1001开始
百倍房从10001开始
4开始大师赛
5开始活动赛
6开始大奖赛
7妖怪哪里跑
8满贯大冒险
客户端使用","鱼的类型
1：小鱼，2：中鱼，3：大鱼，4：BOSS ，5：普通状态同类炸弹，6：深海炸弹，7：深海电鳗，8：奖券鱼，9：实物奖励鱼，10：鱼潮同类炸弹，11：船，12：砸蛋游戏，13：猜大小，14:一网打尽，15：聚宝盆，16：鱼潮大鱼，17：宝箱鱼，18：摇钱树，19:小食人鱼，20：大食人鱼,21：单双鱼，22,炸弹鲨鱼,23积分加成鱼,24概率加成鱼，99：活动鱼,25:新手引导鱼，26：随机倍数鱼，27：世界BOSS，28:特殊鱼(技能鱼)，29：超级河豚,30:财神爷    客户端使用，31：","0为未使用
1为使用","鱼的名字
客户端使用","资源名
客户端使用","0：不生成影子
1：生成影子
客户端使用","鱼的倍数
客户端使用","鱼类介绍倍数时使用
客户端使用","对部分功能鱼的文字描述
客户端使用","鱼的速度
客户端使用","奖金值=产出金币*获得奖金比例
万分比
客户端使用",客户端使用,客户端使用,"单位毫秒
最小值
客户端使用","控制鱼的层级
客户端使用","鱼资源路径
客户端使用","鱼被打爆后金币表现特效
客户端使用","0：不做特殊处理
1：快速原地播放动画
客户端使用","万分比
客户端使用","鱼死亡后的配音
资源名称
0：没有配音
客户端使用","死亡冒泡文字
只有大鱼才有
客户端使用","0为没有
多个,号隔开
客户端使用","没有文字的为0
客户端使用","BOSS对应固定技能
客户端使用",BOSS刷新时，游戏内的特效文字资源,默认10000，按比例缩放,"配置鱼的头像
目前就32类型的用到",鱼的出生特效效果,出场文字泡泡,普通待机文字泡泡,技能文字泡泡,技能待机文字泡泡,技能结束文字泡泡,"死亡冒泡文字
只有大鱼才有
客户端使用","离场泡泡
制作人，食人鱼用","0不显示
1显示"
101,1,1,20300,2_0,1,2,2,0,180,0,26,50,10400,1,FishPrefabs/fish2_prefabs,GUI_GEFX_CoinPlay_Coin_22,0,0,0,0,0,0,0,0,9000,0,0,0,0,0,0,0,0,0,1
102,1,1,20301,2_1_0,1,2,2,0,180,0,27,44,12480,2,FishPrefabs/fish2_1_prefabs,GUI_GEFX_CoinPlay_Coin_22,0,0,0,0,0,0,0,0,9000,0,0,0,0,0,0,0,0,0,1
103,1,1,20302,3_0,1,2,2,0,160,0,28,51,14560,3,FishPrefabs/fish3_prefabs,GUI_GEFX_CoinPlay_Coin_22,0,0,0,0,0,0,0,0,9000,0,0,0,0,0,0,0,0,0,1
104,1,1,20303,4_0,1,3,3,0,160,0,36,47,16640,4,FishPrefabs/fish4_prefabs,GUI_GEFX_CoinPlay_Coin_22,0,300,deadfish_4,0,0,0,0,0,9000,0,0,0,0,0,0,0,0,0,1
105,1,1,20304,5_0,1,3,3,0,140,0,35,49,18720,5,FishPrefabs/fish5_prefabs,GUI_GEFX_CoinPlay_Coin_22,0,0,0,0,0,0,0,0,9000,0,0,0,0,0,0,0,0,0,1
106,1,1,20305,6_0,1,4,4,0,150,0,51,48,20800,6,FishPrefabs/fish6_prefabs,GUI_GEFX_CoinPlay_Coin_22,0,300,deadfish_6,0,0,0,0,0,9000,0,0,0,0,0,0,0,0,0,1
107,1,1,20306,7_0,1,5,5,0,150,0,37,75,22880,8,FishPrefabs/fish7_prefabs,GUI_GEFX_CoinPlay_Coin_22,0,0,0,0,0,0,0,0,8000,0,0,0,0,0,0,0,0,0,1
108,1,1,20307,8_0,1,6,6,0,120,0,50,55,24960,9,FishPrefabs/fish8_prefabs,GUI_GEFX_CoinPlay_Coin_22,0,1000,deadfish_8,0,0,0,0,0,9000,0,0,0,0,0,0,0,0,0,1
109,1,1,20308,9_0,1,7,7,0,150,0,85,60,27040,11,FishPrefabs/fish9_prefabs,GUI_GEFX_CoinPlay_Coin_22,0,1000,"fish_py_9,fish_py_12,fish_py_18,fish_py_50,18,27,28,30,34,35,37,41,44,45,49,50,53,54,57",0,0,0,0,0,9000,0,0,0,0,0,0,0,0,0,1
110,1,1,20309,10_0,1,8,8,0,140,0,75,64,29120,12,FishPrefabs/fish10_prefabs,GUI_GEFX_CoinPlay_Coin_22,0,1000,"16,17,20,29,31,deadfish_10",0,0,0,0,0,7000,0,0,0,0,0,0,0,0,0,1
111,2,1,20310,12_0,1,9,9,0,140,0,50,68,5250,15,FishPrefabs/fish12_prefabs,GUI_GEFX_CoinPlay_Coin_14,0,1000,"fish_py_9,fish_py_12,fish_py_18,fish_py_50,18,27,28,30,34,35,37,41,44,45,49,50,53,54,57",0,0,0,0,0,9000,0,0,0,0,0,0,0,0,0,1
112,2,1,20311,18_1_0,1,10,10,0,135,0,51,74,10500,16,FishPrefabs/fish18_1_prefabs,GUI_GEFX_CoinPlay_Coin_14,0,1000,"33,36,39,42,43,deadfish_18",0,0,0,0,0,8000,0,0,0,0,0,0,0,0,0,1
113,2,1,20312,18_0,1,10,10,0,120,0,59,59,15750,17,FishPrefabs/fish18_prefabs,GUI_GEFX_CoinPlay_Coin_14,0,1250,"fish_py_9,fish_py_12,fish_py_18,fish_py_50,18,27,28,30,34,35,37,41,44,45,49,50,53,54,57",0,0,0,0,0,9000,0,0,0,0,0,0,0,0,0,1
114,2,1,20313,20_0,1,12,12,0,110,0,55,117,21000,18,FishPrefabs/fish20_prefabs,GUI_GEFX_CoinPlay_Coin_14,0,1500,"16,17,20,29,31,33,36,39,42,43,46,47,48,51,52,56,59,60",0,0,0,0,0,9000,0,0,0,0,0,0,0,0,0,1
115,2,1,20314,30_0,1,15,15,0,100,0,84,60,26250,20,FishPrefabs/fish30_prefabs,GUI_GEFX_CoinPlay_Coin_23,1,1750,"fish_py_9,fish_py_12,fish_py_18,fish_py_50,18,27,28,30,34,35,37,41,44,45,49,50,53,54,57",0,0,0,0,0,9000,0,0,0,0,0,0,0,0,0,1
116,2,1,20315,9-45_0,1,18,18,0,90,0,114,134,31500,22,FishPrefabs/fish35_prefabs,GUI_GEFX_CoinPlay_Coin_23,0,2000,"46,47,48,51,52,deadfish_35",0,0,0,0,0,9000,0,0,0,0,0,0,0,0,0,1
117,2,1,20316,40_0,1,20,20,0,90,0,60,160,36750,23,FishPrefabs/fish40_prefabs,GUI_GEFX_CoinPlay_Coin_23,0,2250,"fish_py_9,fish_py_12,fish_py_18,fish_py_50,18,27,28,30,34,35,37,41,44,45,49,50,53,54,57",0,0,0,0,0,9000,0,0,0,0,0,0,0,0,0,1
118,2,1,20317,45_0,1,25,25,0,80,0,90,170,42000,24,FishPrefabs/fish45_prefabs,GUI_GEFX_CoinPlay_Coin_23,0,2500,"51,52,56,59,60,deadfish_45",0,0,0,0,0,8000,0,0,0,0,0,0,0,0,0,1
123,3,1,20320,120_0,1,50,50,0,70,1000,100,260,7000,32,FishPrefabs/fish120_prefabs,GUI_GEFX_CoinPlay_Coin_25,0,5000,23,20360,"504,505,516",wenzi_jiangjinjinchuitousha,0,0,10000,0,0,0,0,0,0,0,20360,20360,1
124,3,1,20321,150_0,1,150,150,0,90,1000,120,260,7000,37,FishPrefabs/fish150_prefabs,GUI_GEFX_CoinPlay_Coin_25,1,5000,26,20361,"504,505,516",wenzi_jiangjinjinchan,0,0,10000,0,0,0,0,0,0,0,20361,20361,1
125,3,1,20322,160_0,1,160,160,0,50,1000,200,150,10000,38,FishPrefabs/fish160_prefabs,GUI_GEFX_CoinPlay_Coin_25,1,5000,24,20362,"504,505,516",wenzi_jiangjinjinshuimu,0,0,10000,0,0,0,0,0,0,0,20362,20362,1
126,3,1,20323,200_0,1,100,100,0,50,1000,110,230,10000,36,FishPrefabs/fish200_prefabs,GUI_GEFX_CoinPlay_Coin_25,0,5000,25,20363,"504,505,516",wenzi_jiangjinjinshayu,0,0,10000,0,0,0,0,0,0,0,20363,20363,1
127,3,1,20324,250_0,1,200,200,0,50,1000,200,170,10000,39,FishPrefabs/fish250_prefabs,GUI_GEFX_CoinPlay_Coin_25,0,5000,21,20364,"504,505,516",wenzi_jiangjinjindaimao,0,0,10000,0,0,0,0,0,0,0,20364,20364,1
128,4,1,20325,300_0,1,300,300,0,50,1000,140,360,135000,60,FishPrefabs/boss300_prefabs,GUI_GEFX_CoinPlay_Coin_20,0,5000,fish_py_200,0,"504,505,513,514",wenzi_meirenyu,1001,boss_meirenyu,10000,0,0,0,0,0,0,0,0,0,1
134,10,1,20326,0,0,0,0,0,0,0,0,0,0,14,0,0,0,0,0,0,0,0,0,0,10000,0,0,0,0,0,0,0,0,0,1
136,7,1,20328,quanjuzhadan_0,1,100,100,0,40,0,116,182,420000,27,FishPrefabs/quanjuzhadan_prefabs,0,1,0,0,0,0,0,0,0,10000,0,0,0,0,0,0,0,0,0,1
145,12,1,20330,jindan,1,100,100,0,50,0,110,94,0,59,FishPrefabs/jindan_prefabs,0,0,0,0,0,0,0,0,0,10000,0,0,0,0,0,0,0,0,0,1
146,18,1,20331,yaoqianshu,1,80,80,0,50,0,80,70,0,54,FishPrefabs/yaoqianshu_prefabs,0,0,0,0,0,0,0,0,0,10000,0,0,0,0,0,0,0,0,0,1
149,16,1,20320,120_0,1,50,50,0,90,1000,100,260,7000,40,FishPrefabs/fish120_prefabs,GUI_GEFX_CoinPlay_Coin_25,0,5000,23,20360,"504,505,516",wenzi_jiangjinjinchuitousha,0,0,10000,0,0,0,0,0,0,0,20360,20360,1
150,16,1,20321,150_0,1,150,150,0,50,1000,120,260,0,42,FishPrefabs/fish150_prefabs,GUI_GEFX_CoinPlay_Coin_25,1,5000,26,20361,"504,505,516",wenzi_jiangjinjinchan,0,0,10000,0,0,0,0,0,0,0,20361,20361,1
151,16,1,20322,160_0,1,160,160,0,70,1000,200,150,10000,43,FishPrefabs/fish160_prefabs,GUI_GEFX_CoinPlay_Coin_25,1,5000,24,20362,"504,505,516",wenzi_jiangjinjinshuimu,0,0,10000,0,0,0,0,0,0,0,20362,20362,1
152,16,1,20323,200_0,1,100,100,0,70,1000,110,230,10000,41,FishPrefabs/fish200_prefabs,GUI_GEFX_CoinPlay_Coin_25,0,5000,25,20363,"504,505,516",wenzi_jiangjinjinshayu,0,0,10000,0,0,0,0,0,0,0,20363,20363,1
153,16,1,20324,250_0,1,200,200,0,70,1000,200,170,10000,44,FishPrefabs/fish250_prefabs,GUI_GEFX_CoinPlay_Coin_25,0,5000,21,20364,"504,505,516",wenzi_jiangjinjindaimao,0,0,10000,0,0,0,0,0,0,0,20364,20364,1
154,17,1,20333,baoxiang_0,1,100,100,0,50,0,102,103,0,53,FishPrefabs/baoxiang_prefabs,GUI_GEFX_CoinPlay_Coin_25,0,0,0,0,0,0,0,0,10000,0,0,0,0,0,0,0,0,0,1
166,2,1,20374,25_0,1,12,12,0,125,0,40,90,7500,19,FishPrefabs/fish25_prefabs,GUI_GEFX_CoinPlay_Coin_23,0,5000,"fish_py_9,fish_py_12,fish_py_18,fish_py_50,18,27,28,30,34,35,37,41,44,45,49,50,53,54,57",0,0,0,0,0,9000,0,0,0,0,0,0,0,0,0,1
168,3,1,20376,70_0,1,70,70,0,60,1000,150,170,4000,34,FishPrefabs/fish70_prefabs,GUI_GEFX_CoinPlay_Coin_25,0,5000,38,20357,"504,505,516",wenzi_jiangjinjinbianfuyu,0,0,10000,0,0,0,0,0,0,0,20357,20357,1
169,3,1,20377,90_0,1,50,50,0,70,1000,40,160,4000,33,FishPrefabs/fish90_prefabs,GUI_GEFX_CoinPlay_Coin_25,0,5000,32,20358,"504,505,516",wenzi_jingjinjinjianyu,0,0,10000,0,0,0,0,0,0,0,20358,20358,1
170,1,1,20383,6_1_0,1,4,4,0,170,0,30,40,38400,7,FishPrefabs/fish6_1_prefabs,GUI_GEFX_CoinPlay_Coin_22,0,5000,"fish_py_9,fish_py_12,fish_py_18,fish_py_50,18,27,28,30,34,35,37,41,44,45,49,50,53,54,57",0,0,0,0,0,9000,0,0,0,0,0,0,0,0,0,1
171,1,1,20384,8_1_0,1,5,5,0,160,0,55,55,50400,10,FishPrefabs/fish8_1_prefabs,GUI_GEFX_CoinPlay_Coin_22,0,5000,"fish_py_9,fish_py_12,fish_py_18,fish_py_50,18,27,28,30,34,35,37,41,44,45,49,50,53,54,57",0,0,0,0,0,8000,0,0,0,0,0,0,0,0,0,1
172,2,1,20385,30_1_1,1,15,15,0,120,0,60,120,50000,21,FishPrefabs/fish30_1_prefabs,GUI_GEFX_CoinPlay_Coin_23,0,5000,"fish_py_9,fish_py_12,fish_py_18,fish_py_50,18,27,28,30,34,35,37,41,44,45,49,50,53,54,57",0,0,0,0,0,9000,0,0,0,0,0,0,0,0,0,1
174,3,1,20387,80_1_0,1,80,80,0,70,1000,160,200,4000,35,FishPrefabs/fish80_1_prefabs,GUI_GEFX_CoinPlay_Coin_25,0,5000,32,20358,"504,505,516",wenzi_jinmatixie,0,0,10000,0,0,0,0,0,0,0,20358,20358,1
178,28,1,20393,80_1_1,1,6,6,0,40,0,150,150,60000,52,FishPrefabs/fish80_2_prefabs,0,0,0,0,0,0,0,202,0,10000,0,0,0,0,0,0,0,0,0,1
181,28,1,20396,longjuanfengyu,1,8,8,0,40,0,150,150,90000,49,FishPrefabs/longjuanfengyu_prefabs,0,0,0,0,0,0,0,203,0,10000,0,0,0,0,0,0,0,0,0,1
186,16,1,20376,70_0,1,70,70,0,60,1000,150,170,4000,34,FishPrefabs/fish70_prefabs,GUI_GEFX_CoinPlay_Coin_25,0,5000,38,20357,"504,505,516",wenzi_jiangjinjinbianfuyu,0,0,10000,0,0,0,0,0,0,0,20357,20357,1
187,16,1,20377,90_0,1,50,50,0,70,1000,40,160,4000,33,FishPrefabs/fish90_prefabs,GUI_GEFX_CoinPlay_Coin_25,0,5000,32,20358,"504,505,516",wenzi_jingjinjinjianyu,0,0,10000,0,0,0,0,0,0,0,20358,20358,1
1001,1,1,20300,2_0,1,2,2,0,180,0,26,50,10400,1,FishPrefabs/fish2_prefabs,GUI_GEFX_CoinPlay_Coin_22,0,0,0,0,0,0,0,0,8000,0,0,0,0,0,0,0,0,0,1
1002,1,1,20301,2_1_0,1,2,2,0,180,0,27,44,12480,2,FishPrefabs/fish2_1_prefabs,GUI_GEFX_CoinPlay_Coin_22,0,0,0,0,0,0,0,0,8000,0,0,0,0,0,0,0,0,0,1
1003,1,1,20302,3_0,1,2,2,0,160,0,28,51,14560,3,FishPrefabs/fish3_prefabs,GUI_GEFX_CoinPlay_Coin_22,0,0,0,0,0,0,0,0,8000,0,0,0,0,0,0,0,0,0,1
1004,1,1,20303,4_0,1,3,3,0,160,0,36,47,16640,4,FishPrefabs/fish4_prefabs,GUI_GEFX_CoinPlay_Coin_22,0,300,deadfish_4,0,0,0,0,0,8000,0,0,0,0,0,0,0,0,0,1
1005,1,1,20304,5_0,1,3,3,0,140,0,35,49,18720,5,FishPrefabs/fish5_prefabs,GUI_GEFX_CoinPlay_Coin_22,0,0,0,0,0,0,0,0,8000,0,0,0,0,0,0,0,0,0,1
1006,1,1,20305,6_0,1,4,4,0,150,0,51,48,20800,6,FishPrefabs/fish6_prefabs,GUI_GEFX_CoinPlay_Coin_22,0,300,deadfish_6,0,0,0,0,0,8000,0,0,0,0,0,0,0,0,0,1
1007,1,1,20306,7_0,1,5,5,0,150,0,37,75,22880,8,FishPrefabs/fish7_prefabs,GUI_GEFX_CoinPlay_Coin_22,0,0,0,0,0,0,0,0,8000,0,0,0,0,0,0,0,0,0,1
1008,1,1,20307,8_0,1,6,6,0,120,0,50,55,24960,9,FishPrefabs/fish8_prefabs,GUI_GEFX_CoinPlay_Coin_22,0,1000,deadfish_8,0,0,0,0,0,8000,0,0,0,0,0,0,0,0,0,1
1009,1,1,20308,9_0,1,7,7,0,150,0,85,60,27040,11,FishPrefabs/fish9_prefabs,GUI_GEFX_CoinPlay_Coin_22,0,1000,"fish_py_9,fish_py_12,fish_py_18,fish_py_50,18,27,28,30,34,35,37,41,44,45,49,50,53,54,57",0,0,0,0,0,8000,0,0,0,0,0,0,0,0,0,1
1010,1,1,20309,10_0,1,8,8,0,140,0,75,64,29120,12,FishPrefabs/fish10_prefabs,GUI_GEFX_CoinPlay_Coin_22,0,1000,"16,17,20,29,31,deadfish_10",0,0,0,0,0,7000,0,0,0,0,0,0,0,0,0,1
1011,2,1,20310,12_0,1,9,9,0,140,0,50,68,5250,15,FishPrefabs/fish12_prefabs,GUI_GEFX_CoinPlay_Coin_14,0,1000,"fish_py_9,fish_py_12,fish_py_18,fish_py_50,18,27,28,30,34,35,37,41,44,45,49,50,53,54,57",0,0,0,0,0,9000,0,0,0,0,0,0,0,0,0,1
1012,2,1,20311,18_1_0,1,10,10,0,135,0,51,74,10500,16,FishPrefabs/fish18_1_prefabs,GUI_GEFX_CoinPlay_Coin_14,0,1000,"33,36,39,42,43,deadfish_18",0,0,0,0,0,8000,0,0,0,0,0,0,0,0,0,1
1013,2,1,20312,18_0,1,10,10,0,120,0,59,59,15750,17,FishPrefabs/fish18_prefabs,GUI_GEFX_CoinPlay_Coin_14,0,1250,"fish_py_9,fish_py_12,fish_py_18,fish_py_50,18,27,28,30,34,35,37,41,44,45,49,50,53,54,57",0,0,0,0,0,9000,0,0,0,0,0,0,0,0,0,1
1014,2,1,20313,20_0,1,12,12,0,110,0,55,117,21000,18,FishPrefabs/fish20_prefabs,GUI_GEFX_CoinPlay_Coin_14,0,1500,"16,17,20,29,31,33,36,39,42,43,46,47,48,51,52,56,59,60",0,0,0,0,0,9000,0,0,0,0,0,0,0,0,0,1
1015,2,1,20314,30_0,1,15,15,0,100,0,84,60,26250,20,FishPrefabs/fish30_prefabs,GUI_GEFX_CoinPlay_Coin_23,1,1750,"fish_py_9,fish_py_12,fish_py_18,fish_py_50,18,27,28,30,34,35,37,41,44,45,49,50,53,54,57",0,0,0,0,0,9000,0,0,0,0,0,0,0,0,0,1
1016,2,1,20315,9-45_0,1,18,18,0,90,0,114,134,31500,22,FishPrefabs/fish35_prefabs,GUI_GEFX_CoinPlay_Coin_23,0,2000,"46,47,48,51,52,deadfish_35",0,0,0,0,0,9000,0,0,0,0,0,0,0,0,0,1
1017,2,1,20316,40_0,1,20,20,0,90,0,60,160,36750,23,FishPrefabs/fish40_prefabs,GUI_GEFX_CoinPlay_Coin_23,0,2250,"fish_py_9,fish_py_12,fish_py_18,fish_py_50,18,27,28,30,34,35,37,41,44,45,49,50,53,54,57",0,0,0,0,0,9000,0,0,0,0,0,0,0,0,0,1
1018,2,1,20317,45_0,1,25,25,0,80,0,90,170,42000,24,FishPrefabs/fish45_prefabs,GUI_GEFX_CoinPlay_Coin_23,0,2500,"51,52,56,59,60,deadfish_45",0,0,0,0,0,8000,0,0,0,0,0,0,0,0,0,1
1023,3,1,20320,120_0,1,50,50,0,70,1000,100,260,7000,32,FishPrefabs/fish120_prefabs,GUI_GEFX_CoinPlay_Coin_25,0,5000,23,20360,"504,505,516",wenzi_jiangjinjinchuitousha,0,0,10000,0,0,0,0,0,0,0,20360,20360,1
1024,3,1,20321,150_0,1,150,150,0,90,1000,120,260,7000,37,FishPrefabs/fish150_prefabs,GUI_GEFX_CoinPlay_Coin_25,1,5000,26,20361,"504,505,516",wenzi_jiangjinjinchan,0,0,10000,0,0,0,0,0,0,0,20361,20361,1
1025,3,1,20322,160_0,1,160,160,0,50,1000,200,150,10000,38,FishPrefabs/fish160_prefabs,GUI_GEFX_CoinPlay_Coin_25,1,5000,24,20362,"504,505,516",wenzi_jiangjinjinshuimu,0,0,10000,0,0,0,0,0,0,0,20362,20362,1
1026,3,1,20323,200_0,1,100,100,0,50,1000,110,230,10000,36,FishPrefabs/fish200_prefabs,GUI_GEFX_CoinPlay_Coin_25,0,5000,25,20363,"504,505,516",wenzi_jiangjinjinshayu,0,0,10000,0,0,0,0,0,0,0,20363,20363,1
1027,3,1,20324,250_0,1,200,200,0,50,1000,200,170,10000,39,FishPrefabs/fish250_prefabs,GUI_GEFX_CoinPlay_Coin_25,0,5000,21,20364,"504,505,516",wenzi_jiangjinjindaimao,0,0,10000,0,0,0,0,0,0,0,20364,20364,1
1028,4,1,20325,300_0,1,300,300,0,50,1000,140,360,135000,60,FishPrefabs/boss300_prefabs,GUI_GEFX_CoinPlay_Coin_20,0,5000,fish_py_200,0,"504,505,372,377,378,379",wenzi_meirenyu,1001,boss_meirenyu,10000,0,0,0,0,0,0,0,0,0,1
1029,4,1,20334,400_0,1,400,400,0,50,1000,174,370,135000,61,FishPrefabs/boss400_prefabs,GUI_GEFX_CoinPlay_Coin_20,0,5000,fish_py_150,0,"504,505,373,377,378,379",wenzi_longgui,10001,boss_longgui,10000,0,0,0,0,0,0,0,0,0,1
1034,10,1,20326,0,0,0,0,0,0,0,0,0,0,14,0,0,0,0,0,0,0,0,0,0,10000,0,0,0,0,0,0,0,0,0,1
1035,6,1,20327,jubuzhadan_0,1,0,0,0,40,0,126,120,240000,25,FishPrefabs/jubuzhadan_prefabs,0,0,0,0,0,0,0,0,0,10000,0,0,0,0,0,0,0,0,0,1
1036,7,1,20328,quanjuzhadan_0,1,100,100,0,40,0,116,182,420000,27,FishPrefabs/quanjuzhadan_prefabs,0,1,0,0,0,0,0,0,0,10000,0,0,0,0,0,0,0,0,0,1
1040,8,1,20338,jiangjuan_0,0,20,20,0,50,0,90,142,60000,55,FishPrefabs/jiangquan_prefabs,0,0,0,0,0,0,0,0,0,10000,0,0,0,0,0,0,0,0,0,1
1045,12,1,20330,jindan,1,100,100,0,50,0,110,94,180000,59,FishPrefabs/jindan_prefabs,0,0,0,0,0,0,0,0,0,10000,0,0,0,0,0,0,0,0,0,1
1046,18,1,20331,yaoqianshu,1,80,80,0,50,0,80,70,270000,54,FishPrefabs/yaoqianshu_prefabs,0,0,0,0,0,0,0,0,0,10000,0,0,0,0,0,0,0,0,0,1
1049,16,1,20320,120_0,1,50,50,0,90,1000,100,260,7000,40,FishPrefabs/fish120_prefabs,GUI_GEFX_CoinPlay_Coin_25,0,5000,23,20360,"504,505,516",wenzi_jiangjinjinchuitousha,0,0,10000,0,0,0,0,0,0,0,20360,20360,1
1050,16,1,20321,150_0,1,150,150,0,50,1000,120,260,0,42,FishPrefabs/fish150_prefabs,GUI_GEFX_CoinPlay_Coin_25,1,5000,26,20361,"504,505,516",wenzi_jiangjinjinchan,0,0,10000,0,0,0,0,0,0,0,20361,20361,1
1051,16,1,20322,160_0,1,160,160,0,70,1000,200,150,10000,43,FishPrefabs/fish160_prefabs,GUI_GEFX_CoinPlay_Coin_25,1,5000,24,20362,"504,505,516",wenzi_jiangjinjinshuimu,0,0,10000,0,0,0,0,0,0,0,20362,20362,1
1052,16,1,20323,200_0,1,100,100,0,70,1000,110,230,10000,41,FishPrefabs/fish200_prefabs,GUI_GEFX_CoinPlay_Coin_25,0,5000,25,20363,"504,505,516",wenzi_jiangjinjinshayu,0,0,10000,0,0,0,0,0,0,0,20363,20363,1
1053,16,1,20324,250_0,1,200,200,0,70,1000,200,170,10000,44,FishPrefabs/fish250_prefabs,GUI_GEFX_CoinPlay_Coin_25,0,5000,21,20364,"504,505,516",wenzi_jiangjinjindaimao,0,0,10000,0,0,0,0,0,0,0,20364,20364,1
1054,17,1,20333,baoxiang_0,1,100,100,0,50,0,102,103,60000,53,FishPrefabs/baoxiang_prefabs,GUI_GEFX_CoinPlay_Coin_25,0,0,0,0,0,0,0,0,10000,0,0,0,0,0,0,0,0,0,1
1064,22,1,20380,dazhadan_0,1,100,100,0,80,0,72,151,220000,30,FishPrefabs/zhadanyu_prefabs,0,0,0,0,0,0,0,0,0,10000,0,0,0,0,0,0,0,0,0,1
1066,2,1,20374,25_0,1,12,12,0,125,0,40,90,7500,19,FishPrefabs/fish25_prefabs,GUI_GEFX_CoinPlay_Coin_23,0,5000,"fish_py_9,fish_py_12,fish_py_18,fish_py_50,18,27,28,30,34,35,37,41,44,45,49,50,53,54,57",0,0,0,0,0,9000,0,0,0,0,0,0,0,0,0,1
1068,3,1,20376,70_0,1,70,70,0,80,1000,150,170,4000,34,FishPrefabs/fish70_prefabs,GUI_GEFX_CoinPlay_Coin_25,0,5000,38,20357,"504,505,516",wenzi_jiangjinjinbianfuyu,0,0,10000,0,0,0,0,0,0,0,20357,20357,1
1069,3,1,20377,90_0,1,50,50,0,80,1000,40,160,20000,33,FishPrefabs/fish90_prefabs,GUI_GEFX_CoinPlay_Coin_25,0,5000,32,20358,"504,505,516",wenzi_jingjinjinjianyu,0,0,10000,0,0,0,0,0,0,0,20358,20358,1
1070,1,1,20383,6_1_0,1,4,4,0,170,0,30,40,38400,7,FishPrefabs/fish6_1_prefabs,GUI_GEFX_CoinPlay_Coin_22,0,5000,"fish_py_9,fish_py_12,fish_py_18,fish_py_50,18,27,28,30,34,35,37,41,44,45,49,50,53,54,57",0,0,0,0,0,8000,0,0,0,0,0,0,0,0,0,1
1071,1,1,20384,8_1_0,1,5,5,0,160,0,55,55,50400,10,FishPrefabs/fish8_1_prefabs,GUI_GEFX_CoinPlay_Coin_22,0,5000,"fish_py_9,fish_py_12,fish_py_18,fish_py_50,18,27,28,30,34,35,37,41,44,45,49,50,53,54,57",0,0,0,0,0,8000,0,0,0,0,0,0,0,0,0,1
1072,2,1,20385,30_1_1,1,15,15,0,120,0,60,120,50000,21,FishPrefabs/fish30_1_prefabs,GUI_GEFX_CoinPlay_Coin_23,0,5000,"fish_py_9,fish_py_12,fish_py_18,fish_py_50,18,27,28,30,34,35,37,41,44,45,49,50,53,54,57",0,0,0,0,0,9000,0,0,0,0,0,0,0,0,0,1
1074,3,1,20387,80_1_0,1,80,80,0,80,1000,160,200,4000,35,FishPrefabs/fish80_1_prefabs,GUI_GEFX_CoinPlay_Coin_25,0,5000,32,20358,"504,505,516",wenzi_jinmatixie,0,0,10000,0,0,0,0,0,0,0,20358,20358,1
1075,26,1,20389,jubaopen_0,0,9999,9999,0,32,0,220,280,135000,68,FishPrefabs/jubaopen_prefabs,GUI_GEFX_CoinPlay_Coin_20,0,5000,0,0,"504,505,508,509,510",wenzi_jubaopen,0,sjy_jubaopen,10000,0,0,0,0,0,0,0,0,0,1
1076,27,1,20391,hy_boss_01,0,2500,2500,0,50,0,295,238,0,71,FishPrefabs/hy_boss_01_prefabs,0,0,5000,"55,58",0,0,wenzi_haiyaosairen,0,boss_haiyaoshairen,10000,0,0,0,0,0,0,0,0,0,1
1078,28,1,20393,80_1_1,1,10,10,0,40,0,150,150,60000,52,FishPrefabs/fish80_2_prefabs,0,0,0,0,0,0,0,202,0,10000,0,0,0,0,0,0,0,0,0,1
1081,28,1,20396,longjuanfengyu,1,12,12,0,40,0,150,150,90000,49,FishPrefabs/longjuanfengyu_prefabs,0,0,0,0,0,0,0,203,0,10000,0,0,0,0,0,0,0,0,0,1
1082,28,1,20397,heidongyu,1,12,12,0,40,0,150,150,75000,50,FishPrefabs/heidongyu_prefabs,0,0,0,0,0,0,0,204,0,10000,0,0,0,0,0,0,0,0,0,1
1083,28,1,20398,bingdongyu,1,16,16,0,40,0,150,150,105000,51,FishPrefabs/fish90_1_prefabs,0,0,0,0,0,0,0,205,0,10000,0,0,0,0,0,0,0,0,0,1
1084,30,1,20399,caishen,1,200,200,0,40,0,180,180,60000,70,FishPrefabs/caishen_prefabs,GUI_GEFX_CoinPlay_Coin_20,0,0,0,0,0,0,0,0,10000,0,0,0,0,0,0,0,0,0,1
1086,16,1,20376,70_0,1,70,70,0,60,1000,150,170,4000,34,FishPrefabs/fish70_prefabs,GUI_GEFX_CoinPlay_Coin_25,0,5000,38,20357,"504,505,516",wenzi_jiangjinjinbianfuyu,0,0,10000,0,0,0,0,0,0,0,20357,20357,1
1087,16,1,20377,90_0,1,50,50,0,70,1000,40,160,4000,33,FishPrefabs/fish90_prefabs,GUI_GEFX_CoinPlay_Coin_25,0,5000,32,20358,"504,505,516",wenzi_jingjinjinjianyu,0,0,10000,0,0,0,0,0,0,0,20358,20358,1
10001,1,1,20300,2_0,1,2,2,0,180,0,26,50,10400,1,FishPrefabs/fish2_prefabs,GUI_GEFX_CoinPlay_Coin_22,0,0,0,0,0,0,0,0,8000,0,0,0,0,0,0,0,0,0,1
10002,1,1,20301,2_1_0,1,2,2,0,180,0,27,44,12480,2,FishPrefabs/fish2_1_prefabs,GUI_GEFX_CoinPlay_Coin_22,0,0,0,0,0,0,0,0,8000,0,0,0,0,0,0,0,0,0,1
10003,1,1,20302,3_0,1,2,2,0,160,0,28,51,14560,3,FishPrefabs/fish3_prefabs,GUI_GEFX_CoinPlay_Coin_22,0,0,0,0,0,0,0,0,8000,0,0,0,0,0,0,0,0,0,1
10004,1,1,20303,4_0,1,3,3,0,160,0,36,47,16640,4,FishPrefabs/fish4_prefabs,GUI_GEFX_CoinPlay_Coin_22,0,300,deadfish_4,0,0,0,0,0,8000,0,0,0,0,0,0,0,0,0,1
10005,1,1,20304,5_0,1,3,3,0,140,0,35,49,18720,5,FishPrefabs/fish5_prefabs,GUI_GEFX_CoinPlay_Coin_22,0,0,0,0,0,0,0,0,8000,0,0,0,0,0,0,0,0,0,1
10006,1,1,20305,6_0,1,4,4,0,150,0,51,48,20800,6,FishPrefabs/fish6_prefabs,GUI_GEFX_CoinPlay_Coin_22,0,300,deadfish_6,0,0,0,0,0,8000,0,0,0,0,0,0,0,0,0,1
10007,1,1,20306,7_0,1,5,5,0,150,0,37,75,22880,8,FishPrefabs/fish7_prefabs,GUI_GEFX_CoinPlay_Coin_22,0,0,0,0,0,0,0,0,8000,0,0,0,0,0,0,0,0,0,1
10008,1,1,20307,8_0,1,6,6,0,120,0,50,55,24960,9,FishPrefabs/fish8_prefabs,GUI_GEFX_CoinPlay_Coin_22,0,1000,deadfish_8,0,0,0,0,0,8000,0,0,0,0,0,0,0,0,0,1
10009,1,1,20308,9_0,1,7,7,0,150,0,85,60,27040,11,FishPrefabs/fish9_prefabs,GUI_GEFX_CoinPlay_Coin_22,0,1000,"fish_py_9,fish_py_12,fish_py_18,fish_py_50,18,27,28,30,34,35,37,41,44,45,49,50,53,54,57",0,0,0,0,0,8000,0,0,0,0,0,0,0,0,0,1
10010,1,1,20309,10_0,1,8,8,0,140,0,75,64,29120,12,FishPrefabs/fish10_prefabs,GUI_GEFX_CoinPlay_Coin_22,0,1000,"16,17,20,29,31,deadfish_10",0,0,0,0,0,7000,0,0,0,0,0,0,0,0,0,1
10011,2,1,20310,12_0,1,9,9,0,140,0,50,68,5250,15,FishPrefabs/fish12_prefabs,GUI_GEFX_CoinPlay_Coin_14,0,1000,"fish_py_9,fish_py_12,fish_py_18,fish_py_50,18,27,28,30,34,35,37,41,44,45,49,50,53,54,57",0,0,0,0,0,9000,0,0,0,0,0,0,0,0,0,1
10012,2,1,20311,18_1_0,1,10,10,0,135,0,51,74,10500,16,FishPrefabs/fish18_1_prefabs,GUI_GEFX_CoinPlay_Coin_14,0,1000,"33,36,39,42,43,deadfish_18",0,0,0,0,0,8000,0,0,0,0,0,0,0,0,0,1
10013,2,1,20312,18_0,1,10,10,0,120,0,59,59,15750,17,FishPrefabs/fish18_prefabs,GUI_GEFX_CoinPlay_Coin_14,0,1250,"fish_py_9,fish_py_12,fish_py_18,fish_py_50,18,27,28,30,34,35,37,41,44,45,49,50,53,54,57",0,0,0,0,0,9000,0,0,0,0,0,0,0,0,0,1
10014,2,1,20313,20_0,1,12,12,0,110,0,55,117,21000,18,FishPrefabs/fish20_prefabs,GUI_GEFX_CoinPlay_Coin_14,0,1500,"16,17,20,29,31,33,36,39,42,43,46,47,48,51,52,56,59,60",0,0,0,0,0,9000,0,0,0,0,0,0,0,0,0,1
10015,2,1,20314,30_0,1,15,15,0,100,0,84,60,26250,20,FishPrefabs/fish30_prefabs,GUI_GEFX_CoinPlay_Coin_23,1,1750,"fish_py_9,fish_py_12,fish_py_18,fish_py_50,18,27,28,30,34,35,37,41,44,45,49,50,53,54,57",0,0,0,0,0,9000,0,0,0,0,0,0,0,0,0,1
10016,2,1,20315,9-45_0,1,18,18,0,90,0,114,134,31500,22,FishPrefabs/fish35_prefabs,GUI_GEFX_CoinPlay_Coin_23,0,2000,"46,47,48,51,52,deadfish_35",0,0,0,0,0,9000,0,0,0,0,0,0,0,0,0,1
10017,2,1,20316,40_0,1,20,20,0,90,0,60,160,36750,23,FishPrefabs/fish40_prefabs,GUI_GEFX_CoinPlay_Coin_23,0,2250,"fish_py_9,fish_py_12,fish_py_18,fish_py_50,18,27,28,30,34,35,37,41,44,45,49,50,53,54,57",0,0,0,0,0,9000,0,0,0,0,0,0,0,0,0,1
10018,2,1,20317,45_0,1,25,25,0,80,0,90,170,42000,24,FishPrefabs/fish45_prefabs,GUI_GEFX_CoinPlay_Coin_23,0,2500,"51,52,56,59,60,deadfish_45",0,0,0,0,0,8000,0,0,0,0,0,0,0,0,0,1
10023,3,1,20320,120_0,1,50,50,0,70,1000,100,260,7000,32,FishPrefabs/fish120_prefabs,GUI_GEFX_CoinPlay_Coin_25,0,5000,23,20360,"504,505,516",wenzi_jiangjinjinchuitousha,0,0,10000,0,0,0,0,0,0,0,20360,20360,1
10024,3,1,20321,150_0,1,150,150,0,90,1000,120,260,7000,37,FishPrefabs/fish150_prefabs,GUI_GEFX_CoinPlay_Coin_25,1,5000,26,20361,"504,505,516",wenzi_jiangjinjinchan,0,0,10000,0,0,0,0,0,0,0,20361,20361,1
10025,3,1,20322,160_0,1,160,160,0,50,1000,200,150,10000,38,FishPrefabs/fish160_prefabs,GUI_GEFX_CoinPlay_Coin_25,1,5000,24,20362,"504,505,516",wenzi_jiangjinjinshuimu,0,0,10000,0,0,0,0,0,0,0,20362,20362,1
10026,3,1,20323,200_0,1,100,100,0,50,1000,110,230,10000,36,FishPrefabs/fish200_prefabs,GUI_GEFX_CoinPlay_Coin_25,0,5000,25,20363,"504,505,516",wenzi_jiangjinjinshayu,0,0,10000,0,0,0,0,0,0,0,20363,20363,1
10027,3,1,20324,250_0,1,200,200,0,50,1000,200,170,10000,39,FishPrefabs/fish250_prefabs,GUI_GEFX_CoinPlay_Coin_25,0,5000,21,20364,"504,505,516",wenzi_jiangjinjindaimao,0,0,10000,0,0,0,0,0,0,0,20364,20364,1
10028,4,1,20325,300_0,1,300,300,0,50,1000,140,360,135000,60,FishPrefabs/boss300_prefabs,GUI_GEFX_CoinPlay_Coin_20,0,5000,fish_py_200,0,"504,505,372,379,380,381",wenzi_meirenyu,1001,boss_meirenyu,10000,0,0,0,0,0,0,0,0,0,1
10029,4,1,20334,400_0,1,400,400,0,50,1000,174,370,135000,61,FishPrefabs/boss400_prefabs,GUI_GEFX_CoinPlay_Coin_20,0,5000,fish_py_150,0,"504,505,378,379,380,381",wenzi_longgui,10001,boss_longgui,10000,0,0,0,0,0,0,0,0,0,1
10030,4,1,20341,600_0,1,500,500,0,50,1000,295,238,135000,62,FishPrefabs/boss600_prefabs,GUI_GEFX_CoinPlay_Coin_20,0,5000,fish_py_250,0,"504,505,368,369,370",wenzi_dahaiguai,10002,boss_dahaiguai,10000,0,0,0,0,0,0,0,0,0,1
10034,10,1,20326,0,0,0,0,0,0,0,0,0,0,14,0,0,0,0,0,0,0,0,0,0,10000,0,0,0,0,0,0,0,0,0,1
10035,6,1,20327,jubuzhadan_0,1,0,0,0,40,0,126,120,240000,25,FishPrefabs/jubuzhadan_prefabs,0,0,0,0,0,0,0,0,0,10000,0,0,0,0,0,0,0,0,0,1
10036,7,1,20328,quanjuzhadan_0,1,100,100,0,40,0,116,182,420000,27,FishPrefabs/quanjuzhadan_prefabs,0,1,0,0,0,0,0,0,0,10000,0,0,0,0,0,0,0,0,0,1
10037,8,1,20342,jiangjuan_0,0,20,20,0,50,0,90,142,60000,55,FishPrefabs/jiangquan_prefabs,0,0,0,0,0,0,0,0,0,10000,0,0,0,0,0,0,0,0,0,1
10038,8,1,20343,jiangjuan_0,0,30,30,0,50,0,90,142,60000,56,FishPrefabs/jiangquan_prefabs,0,0,0,0,0,0,0,0,0,10000,0,0,0,0,0,0,0,0,0,1
10039,8,1,20344,jiangjuan_0,0,40,40,0,50,0,90,142,60000,57,FishPrefabs/jiangquan_prefabs,0,0,0,0,0,0,0,0,0,10000,0,0,0,0,0,0,0,0,0,1
10040,8,1,20345,jiangjuan_0,0,50,50,0,50,0,90,142,60000,58,FishPrefabs/jiangquan_prefabs,0,0,0,0,0,0,0,0,0,10000,0,0,0,0,0,0,0,0,0,1
10045,12,1,20330,jindan,1,100,100,0,50,0,110,94,180000,59,FishPrefabs/jindan_prefabs,0,0,0,0,0,0,0,0,0,10000,0,0,0,0,0,0,0,0,0,1
10046,18,1,20331,yaoqianshu,1,80,80,0,50,0,80,70,270000,54,FishPrefabs/yaoqianshu_prefabs,0,0,0,0,0,0,0,0,0,10000,0,0,0,0,0,0,0,0,0,1
10049,16,1,20320,120_0,1,50,50,0,90,1000,100,260,7000,40,FishPrefabs/fish120_prefabs,GUI_GEFX_CoinPlay_Coin_25,0,5000,23,20360,"504,505,516",wenzi_jiangjinjinchuitousha,0,0,10000,0,0,0,0,0,0,0,20360,20360,1
10050,16,1,20321,150_0,1,150,150,0,50,1000,120,260,0,42,FishPrefabs/fish150_prefabs,GUI_GEFX_CoinPlay_Coin_25,1,5000,26,20361,"504,505,516",wenzi_jiangjinjinchan,0,0,10000,0,0,0,0,0,0,0,20361,20361,1
10051,16,1,20322,160_0,1,160,160,0,70,1000,200,150,10000,43,FishPrefabs/fish160_prefabs,GUI_GEFX_CoinPlay_Coin_25,1,5000,24,20362,"504,505,516",wenzi_jiangjinjinshuimu,0,0,10000,0,0,0,0,0,0,0,20362,20362,1
10052,16,1,20323,200_0,1,100,100,0,70,1000,110,230,10000,41,FishPrefabs/fish200_prefabs,GUI_GEFX_CoinPlay_Coin_25,0,5000,25,20363,"504,505,516",wenzi_jiangjinjinshayu,0,0,10000,0,0,0,0,0,0,0,20363,20363,1
10053,16,1,20324,250_0,1,200,200,0,70,1000,200,170,10000,44,FishPrefabs/fish250_prefabs,GUI_GEFX_CoinPlay_Coin_25,0,5000,21,20364,"504,505,516",wenzi_jiangjinjindaimao,0,0,10000,0,0,0,0,0,0,0,20364,20364,1
10054,17,1,20333,baoxiang_0,1,100,100,0,50,0,102,103,60000,53,FishPrefabs/baoxiang_prefabs,GUI_GEFX_CoinPlay_Coin_25,0,0,0,0,0,0,0,0,10000,0,0,0,0,0,0,0,0,0,1
10055,19,1,20365,fish_shirenyu_lvse_0,1,20,20,0,0,0,105,107,10000,64,FishPrefabs/fish_shirenyu_lvse_prefabs,GUI_GEFX_CoinPlay_Coin_24,0,2250,"16,17,20,29,31,33,36,39,42,43,46,47,48,51,52,56,59,60",0,0,0,0,0,10000,0,0,0,0,0,0,0,0,0,1
10056,19,1,20366,fish_shirenyu_jinse_0,1,30,30,0,0,0,105,120,0,65,FishPrefabs/fish_shirenyu_jinse_prefabs,GUI_GEFX_CoinPlay_Coin_24,0,2500,"16,17,20,29,31,33,36,39,42,43,46,47,48,51,52,56,59,60",0,0,0,0,0,10000,0,0,0,0,0,0,0,0,0,1
10057,20,1,20368,bossfish_shirenyu_2_0,1,1300,1300,0,40,0,125,281,0,66,FishPrefabs/bossfish_shirenyu_2_prefabs,GUI_GEFX_CoinPlay_Coin_20,0,5000,fish_py_boss,0,"393,394,395,396,397,398,399,400,401",0,0,0,10000,0,0,0,0,0,0,0,0,0,1
10064,22,1,20380,dazhadan_0,1,100,100,0,80,0,72,151,220000,30,FishPrefabs/zhadanyu_prefabs,0,0,0,0,0,0,0,0,0,10000,0,0,0,0,0,0,0,0,0,1
10066,2,1,20374,25_0,1,12,12,0,125,0,40,90,7500,19,FishPrefabs/fish25_prefabs,GUI_GEFX_CoinPlay_Coin_23,0,5000,"fish_py_9,fish_py_12,fish_py_18,fish_py_50,18,27,28,30,34,35,37,41,44,45,49,50,53,54,57",0,0,0,0,0,9000,0,0,0,0,0,0,0,0,0,1
10068,3,1,20376,70_0,1,70,70,0,80,1000,150,170,4000,34,FishPrefabs/fish70_prefabs,GUI_GEFX_CoinPlay_Coin_25,0,5000,38,20357,"504,505,516",wenzi_jiangjinjinbianfuyu,0,0,10000,0,0,0,0,0,0,0,20357,20357,1
10069,3,1,20377,90_0,1,50,50,0,80,1000,40,160,20000,33,FishPrefabs/fish90_prefabs,GUI_GEFX_CoinPlay_Coin_25,0,5000,32,20358,"504,505,516",wenzi_jingjinjinjianyu,0,0,10000,0,0,0,0,0,0,0,20358,20358,1
10070,1,1,20383,6_1_0,1,4,4,0,170,0,30,40,38400,7,FishPrefabs/fish6_1_prefabs,GUI_GEFX_CoinPlay_Coin_22,0,5000,"fish_py_9,fish_py_12,fish_py_18,fish_py_50,18,27,28,30,34,35,37,41,44,45,49,50,53,54,57",0,0,0,0,0,8000,0,0,0,0,0,0,0,0,0,1
10071,1,1,20384,8_1_0,1,5,5,0,160,0,55,55,50400,10,FishPrefabs/fish8_1_prefabs,GUI_GEFX_CoinPlay_Coin_22,0,5000,"fish_py_9,fish_py_12,fish_py_18,fish_py_50,18,27,28,30,34,35,37,41,44,45,49,50,53,54,57",0,0,0,0,0,8000,0,0,0,0,0,0,0,0,0,1
10072,2,1,20385,30_1_1,1,15,15,0,120,0,60,120,50000,21,FishPrefabs/fish30_1_prefabs,GUI_GEFX_CoinPlay_Coin_23,0,5000,"fish_py_9,fish_py_12,fish_py_18,fish_py_50,18,27,28,30,34,35,37,41,44,45,49,50,53,54,57",0,0,0,0,0,9000,0,0,0,0,0,0,0,0,0,1
10074,3,1,20387,80_1_0,1,80,80,0,80,1000,160,200,4000,35,FishPrefabs/fish80_1_prefabs,GUI_GEFX_CoinPlay_Coin_25,0,5000,32,20358,"504,505,516",wenzi_jinmatixie,0,0,10000,0,0,0,0,0,0,0,20358,20358,1
10075,26,1,20390,baota_0,0,9999,9999,0,32,0,280,180,135000,68,FishPrefabs/baota_prefabs,GUI_GEFX_CoinPlay_Coin_20,0,5000,0,0,"504,505,508,511,512",wenzi_linglongbaota,0,sjy_linglongbaota,10000,0,0,0,0,0,0,0,0,0,1
10076,27,1,20391,hy_boss_01,0,2500,2500,0,50,0,295,238,0,71,FishPrefabs/hy_boss_01_prefabs,0,0,5000,"55,58",0,0,wenzi_haiyaosairen,0,boss_haiyaoshairen,10000,0,0,0,0,0,0,0,0,0,1
10077,4,1,20392,700_0,0,750,750,0,50,1000,300,300,135000,63,FishPrefabs/boss700_prefabs,GUI_GEFX_CoinPlay_Coin_20,0,5000,fish_py_250,0,"504,505,370,371",wenzi_yuangujulong,201,yuangujulong,10000,0,0,0,0,0,0,0,0,0,1
10078,28,1,20393,80_1_1,1,10,10,0,40,0,150,150,60000,52,FishPrefabs/fish80_2_prefabs,0,0,0,0,0,0,0,202,0,10000,0,0,0,0,0,0,0,0,0,1
10079,29,1,20394,superhetun,1,200,200,0,40,0,200,200,150000,67,FishPrefabs/superhetun_prefabs,GUI_GEFX_CoinPlay_Coin_20,0,5000,fish_py_250,0,0,wenzi_chaojihetun,0,sjy_chaojihetun,10000,0,0,0,0,0,0,0,0,0,1
10080,26,1,20395,baibaodai_0,0,9999,9999,0,32,0,180,80,135000,68,FishPrefabs/baibaodai_prefabs,GUI_GEFX_CoinPlay_Coin_20,0,5000,0,0,"504,505,508",wenzi_baibaodai,0,sjy_baibaodai,10000,0,0,0,0,0,0,0,0,0,1
10081,28,1,20396,longjuanfengyu,1,12,12,0,40,0,150,150,90000,49,FishPrefabs/longjuanfengyu_prefabs,0,0,0,0,0,0,0,203,0,10000,0,0,0,0,0,0,0,0,0,1
10082,28,1,20397,heidongyu,1,12,12,0,40,0,150,150,75000,50,FishPrefabs/heidongyu_prefabs,0,0,0,0,0,0,0,204,0,10000,0,0,0,0,0,0,0,0,0,1
10083,28,1,20398,bingdongyu,1,16,16,0,40,0,150,150,105000,51,FishPrefabs/fish90_1_prefabs,0,0,0,0,0,0,0,205,0,10000,0,0,0,0,0,0,0,0,0,1
10086,16,1,20376,70_0,1,70,70,0,60,1000,150,170,4000,34,FishPrefabs/fish70_prefabs,GUI_GEFX_CoinPlay_Coin_25,0,5000,38,20357,"504,505,516",wenzi_jiangjinjinbianfuyu,0,0,10000,0,0,0,0,0,0,0,20357,20357,1
10087,16,1,20377,90_0,1,50,50,0,70,1000,40,160,4000,33,FishPrefabs/fish90_prefabs,GUI_GEFX_CoinPlay_Coin_25,0,5000,32,20358,"504,505,516",wenzi_jingjinjinjianyu,0,0,10000,0,0,0,0,0,0,0,20358,20358,1
401,1,1,20300,2_0,1,2,2,0,180,0,26,50,10400,1,FishPrefabs/fish2_prefabs,GUI_GEFX_CoinPlay_Coin_22,0,0,0,0,0,0,0,0,8000,0,0,0,0,0,0,0,0,0,1
402,1,1,20301,2_1_0,1,2,2,0,180,0,27,44,12480,2,FishPrefabs/fish2_1_prefabs,GUI_GEFX_CoinPlay_Coin_22,0,0,0,0,0,0,0,0,8000,0,0,0,0,0,0,0,0,0,1
403,1,1,20302,3_0,1,2,2,0,160,0,28,51,14560,3,FishPrefabs/fish3_prefabs,GUI_GEFX_CoinPlay_Coin_22,0,0,0,0,0,0,0,0,8000,0,0,0,0,0,0,0,0,0,1
404,1,1,20303,4_0,1,3,3,0,160,0,36,47,16640,4,FishPrefabs/fish4_prefabs,GUI_GEFX_CoinPlay_Coin_22,0,300,deadfish_4,0,0,0,0,0,8000,0,0,0,0,0,0,0,0,0,1
405,1,1,20304,5_0,1,3,3,0,140,0,35,49,18720,5,FishPrefabs/fish5_prefabs,GUI_GEFX_CoinPlay_Coin_22,0,0,0,0,0,0,0,0,8000,0,0,0,0,0,0,0,0,0,1
406,1,1,20305,6_0,1,4,4,0,150,0,51,48,20800,6,FishPrefabs/fish6_prefabs,GUI_GEFX_CoinPlay_Coin_22,0,300,deadfish_6,0,0,0,0,0,8000,0,0,0,0,0,0,0,0,0,1
407,1,1,20306,7_0,1,5,5,0,150,0,37,75,22880,8,FishPrefabs/fish7_prefabs,GUI_GEFX_CoinPlay_Coin_22,0,0,0,0,0,0,0,0,8000,0,0,0,0,0,0,0,0,0,1
408,1,1,20307,8_0,1,6,6,0,120,0,50,55,24960,9,FishPrefabs/fish8_prefabs,GUI_GEFX_CoinPlay_Coin_22,0,1000,deadfish_8,0,0,0,0,0,8000,0,0,0,0,0,0,0,0,0,1
409,1,1,20308,9_0,1,7,7,0,150,0,85,60,27040,11,FishPrefabs/fish9_prefabs,GUI_GEFX_CoinPlay_Coin_22,0,1000,"fish_py_9,fish_py_12,fish_py_18,fish_py_50,18,27,28,30,34,35,37,41,44,45,49,50,53,54,57",0,0,0,0,0,8000,0,0,0,0,0,0,0,0,0,1
410,1,1,20309,10_0,1,8,8,0,140,0,75,64,29120,12,FishPrefabs/fish10_prefabs,GUI_GEFX_CoinPlay_Coin_22,0,1000,"16,17,20,29,31,deadfish_10",0,0,0,0,0,7000,0,0,0,0,0,0,0,0,0,1
411,2,1,20310,12_0,1,9,9,0,140,0,50,68,5250,15,FishPrefabs/fish12_prefabs,GUI_GEFX_CoinPlay_Coin_14,0,1000,"fish_py_9,fish_py_12,fish_py_18,fish_py_50,18,27,28,30,34,35,37,41,44,45,49,50,53,54,57",0,0,0,0,0,9000,0,0,0,0,0,0,0,0,0,1
412,2,1,20311,18_1_0,1,10,10,0,135,0,51,74,10500,16,FishPrefabs/fish18_1_prefabs,GUI_GEFX_CoinPlay_Coin_14,0,1000,"33,36,39,42,43,deadfish_18",0,0,0,0,0,8000,0,0,0,0,0,0,0,0,0,1
413,2,1,20312,18_0,1,10,10,0,120,0,59,59,15750,17,FishPrefabs/fish18_prefabs,GUI_GEFX_CoinPlay_Coin_14,0,1250,"fish_py_9,fish_py_12,fish_py_18,fish_py_50,18,27,28,30,34,35,37,41,44,45,49,50,53,54,57",0,0,0,0,0,9000,0,0,0,0,0,0,0,0,0,1
414,2,1,20313,20_0,1,12,12,0,110,0,55,117,21000,18,FishPrefabs/fish20_prefabs,GUI_GEFX_CoinPlay_Coin_14,0,1500,"16,17,20,29,31,33,36,39,42,43,46,47,48,51,52,56,59,60",0,0,0,0,0,9000,0,0,0,0,0,0,0,0,0,1
415,2,1,20314,30_0,1,15,15,0,100,0,84,60,26250,20,FishPrefabs/fish30_prefabs,GUI_GEFX_CoinPlay_Coin_23,1,1750,"fish_py_9,fish_py_12,fish_py_18,fish_py_50,18,27,28,30,34,35,37,41,44,45,49,50,53,54,57",0,0,0,0,0,9000,0,0,0,0,0,0,0,0,0,1
416,2,1,20315,9-45_0,1,18,18,0,90,0,114,134,31500,22,FishPrefabs/fish35_prefabs,GUI_GEFX_CoinPlay_Coin_23,0,2000,"46,47,48,51,52,deadfish_35",0,0,0,0,0,9000,0,0,0,0,0,0,0,0,0,1
417,2,1,20316,40_0,1,20,20,0,90,0,60,160,36750,23,FishPrefabs/fish40_prefabs,GUI_GEFX_CoinPlay_Coin_23,0,2250,"fish_py_9,fish_py_12,fish_py_18,fish_py_50,18,27,28,30,34,35,37,41,44,45,49,50,53,54,57",0,0,0,0,0,9000,0,0,0,0,0,0,0,0,0,1
418,2,1,20317,45_0,1,25,25,0,80,0,90,170,42000,24,FishPrefabs/fish45_prefabs,GUI_GEFX_CoinPlay_Coin_23,0,2500,"51,52,56,59,60,deadfish_45",0,0,0,0,0,8000,0,0,0,0,0,0,0,0,0,1
423,3,1,20320,120_0,1,50,50,0,70,0,100,260,30000,32,FishPrefabs/fish120_prefabs,GUI_GEFX_CoinPlay_Coin_25,0,5000,23,20360,"504,505",wenzi_jiangjinjinchuitousha,0,0,10000,0,0,0,0,0,0,0,20360,20360,1
424,3,1,20321,150_0,1,150,150,0,90,0,120,260,30000,37,FishPrefabs/fish150_prefabs,GUI_GEFX_CoinPlay_Coin_25,1,5000,26,20361,"504,505",wenzi_jiangjinjinchan,0,0,10000,0,0,0,0,0,0,0,20361,20361,1
425,3,1,20322,160_0,1,160,160,0,50,0,200,150,40000,38,FishPrefabs/fish160_prefabs,GUI_GEFX_CoinPlay_Coin_25,1,5000,24,20362,"504,505",wenzi_jiangjinjinshuimu,0,0,10000,0,0,0,0,0,0,0,20362,20362,1
426,3,1,20323,200_0,1,100,100,0,50,0,110,230,40000,36,FishPrefabs/fish200_prefabs,GUI_GEFX_CoinPlay_Coin_25,0,5000,25,20363,"504,505",wenzi_jiangjinjinshayu,0,0,10000,0,0,0,0,0,0,0,20363,20363,1
427,3,1,20324,250_0,1,200,200,0,50,0,200,170,40000,39,FishPrefabs/fish250_prefabs,GUI_GEFX_CoinPlay_Coin_25,0,5000,21,20364,"504,505",wenzi_jiangjinjindaimao,0,0,10000,0,0,0,0,0,0,0,20364,20364,1
435,6,1,20327,jubuzhadan_0,1,0,0,0,40,0,126,120,240000,25,FishPrefabs/jubuzhadan_prefabs,0,0,0,0,0,0,0,0,0,10000,0,0,0,0,0,0,0,0,0,1
436,7,1,20328,quanjuzhadan_0,1,100,100,0,40,0,116,182,420000,27,FishPrefabs/quanjuzhadan_prefabs,0,1,0,0,0,0,0,0,0,10000,0,0,0,0,0,0,0,0,0,1
501,1,1,20300,2_0,1,2,2,0,180,0,26,50,10400,1,FishPrefabs/fish2_prefabs,GUI_GEFX_CoinPlay_Coin_22,0,0,0,0,0,0,0,0,8000,0,0,0,0,0,0,0,0,0,1
502,1,1,20301,2_1_0,1,2,2,0,180,0,27,44,12480,2,FishPrefabs/fish2_1_prefabs,GUI_GEFX_CoinPlay_Coin_22,0,0,0,0,0,0,0,0,8000,0,0,0,0,0,0,0,0,0,1
503,1,1,20302,3_0,1,2,2,0,160,0,28,51,14560,3,FishPrefabs/fish3_prefabs,GUI_GEFX_CoinPlay_Coin_22,0,0,0,0,0,0,0,0,8000,0,0,0,0,0,0,0,0,0,1
504,1,1,20303,4_0,1,3,3,0,160,0,36,47,16640,4,FishPrefabs/fish4_prefabs,GUI_GEFX_CoinPlay_Coin_22,0,300,deadfish_4,0,0,0,0,0,8000,0,0,0,0,0,0,0,0,0,1
505,1,1,20304,5_0,1,3,3,0,140,0,35,49,18720,5,FishPrefabs/fish5_prefabs,GUI_GEFX_CoinPlay_Coin_22,0,0,0,0,0,0,0,0,8000,0,0,0,0,0,0,0,0,0,1
506,1,1,20305,6_0,1,4,4,0,150,0,51,48,20800,6,FishPrefabs/fish6_prefabs,GUI_GEFX_CoinPlay_Coin_22,0,300,deadfish_6,0,0,0,0,0,8000,0,0,0,0,0,0,0,0,0,1
507,1,1,20306,7_0,1,5,5,0,150,0,37,75,22880,8,FishPrefabs/fish7_prefabs,GUI_GEFX_CoinPlay_Coin_22,0,0,0,0,0,0,0,0,8000,0,0,0,0,0,0,0,0,0,1
508,1,1,20307,8_0,1,6,6,0,120,0,50,55,24960,9,FishPrefabs/fish8_prefabs,GUI_GEFX_CoinPlay_Coin_22,0,1000,deadfish_8,0,0,0,0,0,8000,0,0,0,0,0,0,0,0,0,1
509,1,1,20308,9_0,1,7,7,0,150,0,85,60,27040,11,FishPrefabs/fish9_prefabs,GUI_GEFX_CoinPlay_Coin_22,0,1000,"fish_py_9,fish_py_12,fish_py_18,fish_py_50,18,27,28,30,34,35,37,41,44,45,49,50,53,54,57",0,0,0,0,0,8000,0,0,0,0,0,0,0,0,0,1
510,1,1,20309,10_0,1,8,8,0,140,0,75,64,29120,12,FishPrefabs/fish10_prefabs,GUI_GEFX_CoinPlay_Coin_22,0,1000,"16,17,20,29,31,deadfish_10",0,0,0,0,0,7000,0,0,0,0,0,0,0,0,0,1
511,2,1,20310,12_0,1,9,9,0,140,0,50,68,5250,15,FishPrefabs/fish12_prefabs,GUI_GEFX_CoinPlay_Coin_14,0,1000,"fish_py_9,fish_py_12,fish_py_18,fish_py_50,18,27,28,30,34,35,37,41,44,45,49,50,53,54,57",0,0,0,0,0,9000,0,0,0,0,0,0,0,0,0,1
512,2,1,20311,18_1_0,1,10,10,0,135,0,51,74,10500,16,FishPrefabs/fish18_1_prefabs,GUI_GEFX_CoinPlay_Coin_14,0,1000,"33,36,39,42,43,deadfish_18",0,0,0,0,0,8000,0,0,0,0,0,0,0,0,0,1
513,2,1,20312,18_0,1,10,10,0,120,0,59,59,15750,17,FishPrefabs/fish18_prefabs,GUI_GEFX_CoinPlay_Coin_14,0,1250,"fish_py_9,fish_py_12,fish_py_18,fish_py_50,18,27,28,30,34,35,37,41,44,45,49,50,53,54,57",0,0,0,0,0,9000,0,0,0,0,0,0,0,0,0,1
514,2,1,20313,20_0,1,12,12,0,110,0,55,117,21000,18,FishPrefabs/fish20_prefabs,GUI_GEFX_CoinPlay_Coin_14,0,1500,"16,17,20,29,31,33,36,39,42,43,46,47,48,51,52,56,59,60",0,0,0,0,0,9000,0,0,0,0,0,0,0,0,0,1
515,2,1,20314,30_0,1,15,15,0,100,0,84,60,26250,20,FishPrefabs/fish30_prefabs,GUI_GEFX_CoinPlay_Coin_23,1,1750,"fish_py_9,fish_py_12,fish_py_18,fish_py_50,18,27,28,30,34,35,37,41,44,45,49,50,53,54,57",0,0,0,0,0,9000,0,0,0,0,0,0,0,0,0,1
516,2,1,20315,9-45_0,1,18,18,0,90,0,114,134,31500,22,FishPrefabs/fish35_prefabs,GUI_GEFX_CoinPlay_Coin_23,0,2000,"46,47,48,51,52,deadfish_35",0,0,0,0,0,9000,0,0,0,0,0,0,0,0,0,1
517,2,1,20316,40_0,1,20,20,0,90,0,60,160,36750,23,FishPrefabs/fish40_prefabs,GUI_GEFX_CoinPlay_Coin_23,0,2250,"fish_py_9,fish_py_12,fish_py_18,fish_py_50,18,27,28,30,34,35,37,41,44,45,49,50,53,54,57",0,0,0,0,0,9000,0,0,0,0,0,0,0,0,0,1
518,2,1,20317,45_0,1,25,25,0,80,0,90,170,42000,24,FishPrefabs/fish45_prefabs,GUI_GEFX_CoinPlay_Coin_23,0,2500,"51,52,56,59,60,deadfish_45",0,0,0,0,0,8000,0,0,0,0,0,0,0,0,0,1
523,3,1,20320,120_0,1,50,50,0,70,0,100,260,30000,32,FishPrefabs/fish120_prefabs,GUI_GEFX_CoinPlay_Coin_25,0,5000,23,20360,"504,505",wenzi_jiangjinjinchuitousha,0,0,10000,0,0,0,0,0,0,0,20360,20360,1
524,3,1,20321,150_0,1,150,150,0,90,0,120,260,30000,37,FishPrefabs/fish150_prefabs,GUI_GEFX_CoinPlay_Coin_25,1,5000,26,20361,"504,505",wenzi_jiangjinjinchan,0,0,10000,0,0,0,0,0,0,0,20361,20361,1
525,3,1,20322,160_0,1,160,160,0,50,0,200,150,40000,38,FishPrefabs/fish160_prefabs,GUI_GEFX_CoinPlay_Coin_25,1,5000,24,20362,"504,505",wenzi_jiangjinjinshuimu,0,0,10000,0,0,0,0,0,0,0,20362,20362,1
526,3,1,20323,200_0,1,100,100,0,50,0,110,230,40000,36,FishPrefabs/fish200_prefabs,GUI_GEFX_CoinPlay_Coin_25,0,5000,25,20363,"504,505",wenzi_jiangjinjinshayu,0,0,10000,0,0,0,0,0,0,0,20363,20363,1
527,3,1,20324,250_0,1,200,200,0,50,0,200,170,40000,39,FishPrefabs/fish250_prefabs,GUI_GEFX_CoinPlay_Coin_25,0,5000,21,20364,"504,505",wenzi_jiangjinjindaimao,0,0,10000,0,0,0,0,0,0,0,20364,20364,1
535,6,1,20327,jubuzhadan_0,1,0,0,0,40,0,126,120,240000,25,FishPrefabs/jubuzhadan_prefabs,0,0,0,0,0,0,0,0,0,10000,0,0,0,0,0,0,0,0,0,1
536,7,1,20328,quanjuzhadan_0,1,100,100,0,40,0,116,182,420000,27,FishPrefabs/quanjuzhadan_prefabs,0,1,0,0,0,0,0,0,0,10000,0,0,0,0,0,0,0,0,0,1
563,23,1,20381,buff_1_0,1,50,50,200312,70,0,108,100,40000,28,FishPrefabs/buff_1_prefabs,GUI_GEFX_CoinPlay_Coin_25,0,0,0,200271,489,0,0,0,10000,0,0,0,0,0,0,0,200271,200271,1
564,24,1,20382,buff_2_0,1,50,50,200313,70,0,131,75,60000,29,FishPrefabs/buff_2_prefabs,GUI_GEFX_CoinPlay_Coin_25,0,0,0,200272,490,0,0,0,10000,0,0,0,0,0,0,0,200272,200272,1
601,1,1,20300,2_0,1,2,2,0,180,0,26,50,10400,1,FishPrefabs/fish2_prefabs,GUI_GEFX_CoinPlay_Coin_22,0,0,0,0,0,0,0,0,8000,0,0,0,0,0,0,0,0,0,1
602,1,1,20301,2_1_0,1,2,2,0,180,0,27,44,12480,2,FishPrefabs/fish2_1_prefabs,GUI_GEFX_CoinPlay_Coin_22,0,0,0,0,0,0,0,0,8000,0,0,0,0,0,0,0,0,0,1
603,1,1,20302,3_0,1,2,2,0,160,0,28,51,14560,3,FishPrefabs/fish3_prefabs,GUI_GEFX_CoinPlay_Coin_22,0,0,0,0,0,0,0,0,8000,0,0,0,0,0,0,0,0,0,1
604,1,1,20303,4_0,1,3,3,0,160,0,36,47,16640,4,FishPrefabs/fish4_prefabs,GUI_GEFX_CoinPlay_Coin_22,0,300,deadfish_4,0,0,0,0,0,8000,0,0,0,0,0,0,0,0,0,1
605,1,1,20304,5_0,1,3,3,0,140,0,35,49,18720,5,FishPrefabs/fish5_prefabs,GUI_GEFX_CoinPlay_Coin_22,0,0,0,0,0,0,0,0,8000,0,0,0,0,0,0,0,0,0,1
606,1,1,20305,6_0,1,4,4,0,150,0,51,48,20800,6,FishPrefabs/fish6_prefabs,GUI_GEFX_CoinPlay_Coin_22,0,300,deadfish_6,0,0,0,0,0,8000,0,0,0,0,0,0,0,0,0,1
607,1,1,20306,7_0,1,5,5,0,150,0,37,75,22880,8,FishPrefabs/fish7_prefabs,GUI_GEFX_CoinPlay_Coin_22,0,0,0,0,0,0,0,0,8000,0,0,0,0,0,0,0,0,0,1
608,1,1,20307,8_0,1,6,6,0,120,0,50,55,24960,9,FishPrefabs/fish8_prefabs,GUI_GEFX_CoinPlay_Coin_22,0,1000,deadfish_8,0,0,0,0,0,8000,0,0,0,0,0,0,0,0,0,1
609,1,1,20308,9_0,1,7,7,0,150,0,85,60,27040,11,FishPrefabs/fish9_prefabs,GUI_GEFX_CoinPlay_Coin_22,0,1000,"fish_py_9,fish_py_12,fish_py_18,fish_py_50,18,27,28,30,34,35,37,41,44,45,49,50,53,54,57",0,0,0,0,0,8000,0,0,0,0,0,0,0,0,0,1
610,1,1,20309,10_0,1,8,8,0,140,0,75,64,29120,12,FishPrefabs/fish10_prefabs,GUI_GEFX_CoinPlay_Coin_22,0,1000,"16,17,20,29,31,deadfish_10",0,0,0,0,0,7000,0,0,0,0,0,0,0,0,0,1
611,2,1,20310,12_0,1,9,9,0,140,0,50,68,5250,15,FishPrefabs/fish12_prefabs,GUI_GEFX_CoinPlay_Coin_14,0,1000,"fish_py_9,fish_py_12,fish_py_18,fish_py_50,18,27,28,30,34,35,37,41,44,45,49,50,53,54,57",0,0,0,0,0,9000,0,0,0,0,0,0,0,0,0,1
612,2,1,20311,18_1_0,1,10,10,0,135,0,51,74,10500,16,FishPrefabs/fish18_1_prefabs,GUI_GEFX_CoinPlay_Coin_14,0,1000,"33,36,39,42,43,deadfish_18",0,0,0,0,0,8000,0,0,0,0,0,0,0,0,0,1
613,2,1,20312,18_0,1,10,10,0,120,0,59,59,15750,17,FishPrefabs/fish18_prefabs,GUI_GEFX_CoinPlay_Coin_14,0,1250,"fish_py_9,fish_py_12,fish_py_18,fish_py_50,18,27,28,30,34,35,37,41,44,45,49,50,53,54,57",0,0,0,0,0,9000,0,0,0,0,0,0,0,0,0,1
614,2,1,20313,20_0,1,12,12,0,110,0,55,117,21000,18,FishPrefabs/fish20_prefabs,GUI_GEFX_CoinPlay_Coin_14,0,1500,"16,17,20,29,31,33,36,39,42,43,46,47,48,51,52,56,59,60",0,0,0,0,0,9000,0,0,0,0,0,0,0,0,0,1
615,2,1,20314,30_0,1,15,15,0,100,0,84,60,26250,20,FishPrefabs/fish30_prefabs,GUI_GEFX_CoinPlay_Coin_23,1,1750,"fish_py_9,fish_py_12,fish_py_18,fish_py_50,18,27,28,30,34,35,37,41,44,45,49,50,53,54,57",0,0,0,0,0,9000,0,0,0,0,0,0,0,0,0,1
616,2,1,20315,9-45_0,1,18,18,0,90,0,114,134,31500,22,FishPrefabs/fish35_prefabs,GUI_GEFX_CoinPlay_Coin_23,0,2000,"46,47,48,51,52,deadfish_35",0,0,0,0,0,9000,0,0,0,0,0,0,0,0,0,1
617,2,1,20316,40_0,1,20,20,0,90,0,60,160,36750,23,FishPrefabs/fish40_prefabs,GUI_GEFX_CoinPlay_Coin_23,0,2250,"fish_py_9,fish_py_12,fish_py_18,fish_py_50,18,27,28,30,34,35,37,41,44,45,49,50,53,54,57",0,0,0,0,0,9000,0,0,0,0,0,0,0,0,0,1
618,2,1,20317,45_0,1,25,25,0,80,0,90,170,42000,24,FishPrefabs/fish45_prefabs,GUI_GEFX_CoinPlay_Coin_23,0,2500,"51,52,56,59,60,deadfish_45",0,0,0,0,0,8000,0,0,0,0,0,0,0,0,0,1
623,3,1,20320,120_0,1,50,50,0,70,0,100,260,30000,32,FishPrefabs/fish120_prefabs,GUI_GEFX_CoinPlay_Coin_25,0,5000,23,20360,"504,505",wenzi_jiangjinjinchuitousha,0,0,10000,0,0,0,0,0,0,0,20360,20360,1
624,3,1,20321,150_0,1,150,150,0,90,0,120,260,30000,37,FishPrefabs/fish150_prefabs,GUI_GEFX_CoinPlay_Coin_25,1,5000,26,20361,"504,505",wenzi_jiangjinjinchan,0,0,10000,0,0,0,0,0,0,0,20361,20361,1
625,3,1,20322,160_0,1,160,160,0,50,0,200,150,40000,38,FishPrefabs/fish160_prefabs,GUI_GEFX_CoinPlay_Coin_25,1,5000,24,20362,"504,505",wenzi_jiangjinjinshuimu,0,0,10000,0,0,0,0,0,0,0,20362,20362,1
626,3,1,20323,200_0,1,100,100,0,50,0,110,230,40000,36,FishPrefabs/fish200_prefabs,GUI_GEFX_CoinPlay_Coin_25,0,5000,25,20363,"504,505",wenzi_jiangjinjinshayu,0,0,10000,0,0,0,0,0,0,0,20363,20363,1
627,3,1,20324,250_0,1,200,200,0,50,0,200,170,40000,39,FishPrefabs/fish250_prefabs,GUI_GEFX_CoinPlay_Coin_25,0,5000,21,20364,"504,505",wenzi_jiangjinjindaimao,0,0,10000,0,0,0,0,0,0,0,20364,20364,1
629,6,1,20327,jubuzhadan_0,1,0,0,0,40,0,126,120,240000,25,FishPrefabs/jubuzhadan_prefabs,0,0,0,0,0,0,0,0,0,10000,0,0,0,0,0,0,0,0,0,1
630,7,1,20328,quanjuzhadan_0,1,100,100,0,40,0,116,182,420000,27,FishPrefabs/quanjuzhadan_prefabs,0,1,0,0,0,0,0,0,0,10000,0,0,0,0,0,0,0,0,0,1
638,23,1,20381,buff_1_0,1,50,50,200312,70,0,108,100,40000,28,FishPrefabs/buff_1_prefabs,GUI_GEFX_CoinPlay_Coin_25,0,0,0,200271,489,0,0,0,10000,0,0,0,0,0,0,0,200271,200271,1
639,24,1,20382,buff_2_0,1,50,50,200313,70,0,131,75,60000,29,FishPrefabs/buff_2_prefabs,GUI_GEFX_CoinPlay_Coin_25,0,0,0,200272,490,0,0,0,10000,0,0,0,0,0,0,0,200272,200272,1
901,1,1,20300,2_0,1,2,2,0,180,0,26,50,10400,1,FishPrefabs/fish2_prefabs,GUI_GEFX_CoinPlay_Coin_22,0,0,0,0,0,0,0,0,8000,0,0,0,0,0,0,0,0,0,1
902,1,1,20301,2_1_0,1,2,2,0,180,0,27,44,12480,2,FishPrefabs/fish2_1_prefabs,GUI_GEFX_CoinPlay_Coin_22,0,0,0,0,0,0,0,0,8000,0,0,0,0,0,0,0,0,0,1
903,1,1,20302,3_0,1,2,2,0,160,0,28,51,14560,3,FishPrefabs/fish3_prefabs,GUI_GEFX_CoinPlay_Coin_22,0,0,0,0,0,0,0,0,8000,0,0,0,0,0,0,0,0,0,1
904,1,1,20303,4_0,1,3,3,0,160,0,36,47,16640,4,FishPrefabs/fish4_prefabs,GUI_GEFX_CoinPlay_Coin_22,0,300,deadfish_4,0,0,0,0,0,8000,0,0,0,0,0,0,0,0,0,1
905,1,1,20304,5_0,1,3,3,0,140,0,35,49,18720,5,FishPrefabs/fish5_prefabs,GUI_GEFX_CoinPlay_Coin_22,0,0,0,0,0,0,0,0,8000,0,0,0,0,0,0,0,0,0,1
906,1,1,20305,6_0,1,4,4,0,150,0,51,48,20800,6,FishPrefabs/fish6_prefabs,GUI_GEFX_CoinPlay_Coin_22,0,300,deadfish_6,0,0,0,0,0,8000,0,0,0,0,0,0,0,0,0,1
907,1,1,20306,7_0,1,5,5,0,150,0,37,75,22880,8,FishPrefabs/fish7_prefabs,GUI_GEFX_CoinPlay_Coin_22,0,0,0,0,0,0,0,0,8000,0,0,0,0,0,0,0,0,0,1
908,1,1,20307,8_0,1,6,6,0,120,0,50,55,24960,9,FishPrefabs/fish8_prefabs,GUI_GEFX_CoinPlay_Coin_22,0,1000,deadfish_8,0,0,0,0,0,8000,0,0,0,0,0,0,0,0,0,1
909,1,1,20308,9_0,1,7,7,0,150,0,85,60,27040,11,FishPrefabs/fish9_prefabs,GUI_GEFX_CoinPlay_Coin_22,0,1000,"fish_py_9,fish_py_12,fish_py_18,fish_py_50,18,27,28,30,34,35,37,41,44,45,49,50,53,54,57",0,0,0,0,0,8000,0,0,0,0,0,0,0,0,0,1
910,1,1,20309,10_0,1,8,8,0,140,0,75,64,29120,12,FishPrefabs/fish10_prefabs,GUI_GEFX_CoinPlay_Coin_22,0,1000,"16,17,20,29,31,deadfish_10",0,0,0,0,0,7000,0,0,0,0,0,0,0,0,0,1
911,2,1,20310,12_0,1,9,9,0,140,0,50,68,5250,15,FishPrefabs/fish12_prefabs,GUI_GEFX_CoinPlay_Coin_14,0,1000,"fish_py_9,fish_py_12,fish_py_18,fish_py_50,18,27,28,30,34,35,37,41,44,45,49,50,53,54,57",0,0,0,0,0,9000,0,0,0,0,0,0,0,0,0,1
912,2,1,20311,18_1_0,1,10,10,0,135,0,51,74,10500,16,FishPrefabs/fish18_1_prefabs,GUI_GEFX_CoinPlay_Coin_14,0,1000,"33,36,39,42,43,deadfish_18",0,0,0,0,0,8000,0,0,0,0,0,0,0,0,0,1
913,2,1,20312,18_0,1,10,10,0,120,0,59,59,15750,17,FishPrefabs/fish18_prefabs,GUI_GEFX_CoinPlay_Coin_14,0,1250,"fish_py_9,fish_py_12,fish_py_18,fish_py_50,18,27,28,30,34,35,37,41,44,45,49,50,53,54,57",0,0,0,0,0,9000,0,0,0,0,0,0,0,0,0,1
914,2,1,20313,20_0,1,12,12,0,110,0,55,117,21000,18,FishPrefabs/fish20_prefabs,GUI_GEFX_CoinPlay_Coin_14,0,1500,"16,17,20,29,31,33,36,39,42,43,46,47,48,51,52,56,59,60",0,0,0,0,0,9000,0,0,0,0,0,0,0,0,0,1
915,2,1,20314,30_0,1,15,15,0,100,0,84,60,26250,20,FishPrefabs/fish30_prefabs,GUI_GEFX_CoinPlay_Coin_23,1,1750,"fish_py_9,fish_py_12,fish_py_18,fish_py_50,18,27,28,30,34,35,37,41,44,45,49,50,53,54,57",0,0,0,0,0,9000,0,0,0,0,0,0,0,0,0,1
916,2,1,20315,9-45_0,1,18,18,0,90,0,114,134,31500,22,FishPrefabs/fish35_prefabs,GUI_GEFX_CoinPlay_Coin_23,0,2000,"46,47,48,51,52,deadfish_35",0,0,0,0,0,9000,0,0,0,0,0,0,0,0,0,1
917,2,1,20316,40_0,1,20,20,0,90,0,60,160,36750,23,FishPrefabs/fish40_prefabs,GUI_GEFX_CoinPlay_Coin_23,0,2250,"fish_py_9,fish_py_12,fish_py_18,fish_py_50,18,27,28,30,34,35,37,41,44,45,49,50,53,54,57",0,0,0,0,0,9000,0,0,0,0,0,0,0,0,0,1
918,2,1,20317,45_0,1,25,25,0,80,0,90,170,42000,24,FishPrefabs/fish45_prefabs,GUI_GEFX_CoinPlay_Coin_23,0,2500,"51,52,56,59,60,deadfish_45",0,0,0,0,0,8000,0,0,0,0,0,0,0,0,0,1
923,3,1,20320,120_0,1,50,50,0,70,0,100,260,30000,32,FishPrefabs/fish120_prefabs,GUI_GEFX_CoinPlay_Coin_25,0,5000,23,20360,"504,505",wenzi_jiangjinjinchuitousha,0,0,10000,0,0,0,0,0,0,0,20360,20360,1
924,3,1,20321,150_0,1,150,150,0,90,0,120,260,30000,37,FishPrefabs/fish150_prefabs,GUI_GEFX_CoinPlay_Coin_25,1,5000,26,20361,"504,505",wenzi_jiangjinjinchan,0,0,10000,0,0,0,0,0,0,0,20361,20361,1
925,3,1,20322,160_0,1,160,160,0,50,0,200,150,40000,38,FishPrefabs/fish160_prefabs,GUI_GEFX_CoinPlay_Coin_25,1,5000,24,20362,"504,505",wenzi_jiangjinjinshuimu,0,0,10000,0,0,0,0,0,0,0,20362,20362,1
926,3,1,20323,200_0,1,100,100,0,50,0,110,230,40000,36,FishPrefabs/fish200_prefabs,GUI_GEFX_CoinPlay_Coin_25,0,5000,25,20363,"504,505",wenzi_jiangjinjinshayu,0,0,10000,0,0,0,0,0,0,0,20363,20363,1
927,3,1,20324,250_0,1,200,200,0,50,0,200,170,40000,39,FishPrefabs/fish250_prefabs,GUI_GEFX_CoinPlay_Coin_25,0,5000,21,20364,"504,505",wenzi_jiangjinjindaimao,0,0,10000,0,0,0,0,0,0,0,20364,20364,1
928,4,1,20325,300_0,1,300,300,0,50,1000,140,360,135000,60,FishPrefabs/boss300_prefabs,GUI_GEFX_CoinPlay_Coin_20,0,5000,fish_py_200,0,"504,505,372,379,380,381",wenzi_meirenyu,1001,boss_meirenyu,10000,0,0,0,0,0,0,0,0,0,1
1001011,1,1,80071,10010_1_1,1,2,2,0,180,0,50,50,10400,1,FishPrefabs/10010_1_1_prefabs,GUI_GEFX_CoinPlay_Coin_22,0,0,0,0,0,0,0,0,10000,0,0,0,0,0,0,0,0,0,1
1001012,2,1,80074,10010_2_1,1,10,10,0,140,0,80,80,5250,15,FishPrefabs/10010_2_1_prefabs,GUI_GEFX_CoinPlay_Coin_14,0,0,0,0,0,0,0,0,10000,0,0,0,0,0,0,0,0,0,1
1001013,3,1,80077,10010_3_1,1,50,50,0,70,1000,100,100,7000,32,FishPrefabs/10010_3_1_prefabs,GUI_GEFX_CoinPlay_Coin_25,0,0,0,0,0,wenzi_zhanghonghong,0,0,10000,0,0,0,"80020,80021,80022",0,0,0,0,0,1
1001021,1,1,80072,10010_1_2,1,3,3,0,150,0,50,50,20800,6,FishPrefabs/10010_1_2_prefabs,GUI_GEFX_CoinPlay_Coin_22,0,0,0,0,0,0,0,0,10000,0,0,0,0,0,0,0,0,0,1
1001022,2,1,80075,10010_2_2,1,15,15,0,125,0,80,80,7500,19,FishPrefabs/10010_2_2_prefabs,GUI_GEFX_CoinPlay_Coin_23,0,0,0,0,0,0,0,0,10000,0,0,0,0,0,0,0,0,0,1
1001023,3,1,80078,10010_3_2,1,80,80,0,50,1000,100,100,10000,36,FishPrefabs/10010_3_2_prefabs,GUI_GEFX_CoinPlay_Coin_25,0,0,0,0,0,wenzi_wangdandan,0,0,10000,0,0,0,"80020,80021,80022",0,0,0,0,0,1
1001031,1,1,80073,10010_1_3,1,5,5,0,120,0,50,50,24960,9,FishPrefabs/10010_1_3_prefabs,GUI_GEFX_CoinPlay_Coin_22,0,0,0,0,0,0,0,0,10000,0,0,0,0,0,0,0,0,0,1
1001032,2,1,80076,10010_2_3,1,20,20,0,90,0,80,80,31500,22,FishPrefabs/10010_2_3_prefabs,GUI_GEFX_CoinPlay_Coin_23,0,0,0,0,0,0,0,0,10000,0,0,0,0,0,0,0,0,0,1
1001033,3,1,80079,10010_3_3,1,120,120,0,50,1000,100,100,10000,38,FishPrefabs/10010_3_3_prefabs,GUI_GEFX_CoinPlay_Coin_25,1,0,0,0,0,wenzi_limengmeng,0,0,10000,0,0,0,"80020,80021,80022",0,0,0,0,0,1
1001041,32,1,80011,10010_32_1,1,500,500,0,50,1000,150,150,135000,52,FishPrefabs/10010_32_1_prefabs,0,0,0,0,0,0,0,0,ceshixiaomei,10000,10010_32_1,0,"80101,80102,80103","80201,80202,80203",80301,"80401,80402,80403","80501,80502",80601,0,1
1001042,32,1,80012,10010_32_2,1,500,500,0,50,1000,150,150,135000,49,FishPrefabs/10010_32_2_prefabs,0,0,0,0,0,0,0,0,meishujiejie,10000,10010_32_2,0,"80104,80105,80106","80204,80205,80206",80301,"80401,80402,80403","80501,80502",80601,0,1
1001043,32,1,80013,10010_32_4,1,500,500,0,50,1000,150,150,135000,50,FishPrefabs/10010_32_4_prefabs,0,0,0,0,0,0,0,0,chengxushushu,10000,10010_32_4,0,"80107,80108,80109","80213,80214,80215",80301,"80401,80402,80403","80501,80502",80601,0,1
1001044,32,1,80014,10010_32_3,1,500,500,0,50,1000,150,150,135000,51,FishPrefabs/10010_32_3_prefabs,0,0,0,0,0,0,0,0,cehualaoshi,10000,10010_32_3,0,"80110,80111,80112","80216,80217,80218",80301,"80401,80402,80403","80501,80502",80601,0,1
1001045,3,1,80047,10010_3_4,1,150,150,0,50,1000,100,100,10000,39,FishPrefabs/10010_3_4_prefabs,GUI_GEFX_CoinPlay_Coin_25,0,0,0,0,0,wenzi_zhangerya,0,0,6000,0,0,0,"80020,80021,80022",0,0,0,0,0,0
1001051,33,1,80015,10010_33_1,1,1500,1500,0,50,4000,300,300,0,71,FishPrefabs/10010_33_1_prefabs,GUI_GEFX_CoinPlay_Coin_20,0,0,0,0,0,0,0,laoban,10000,10010_33_1,0,"80113,80114,80115","80221,80222,80212",80302,"80404,80405",80503,"80602,80603","80701,80702",1
1001052,4,1,80048,10010_32_1,1,500,500,0,50,1000,140,140,135000,52,FishPrefabs/10010_32_1_prefabs,GUI_GEFX_CoinPlay_Coin_20,0,0,0,0,0,0,0,boss_meirenyu,6000,10010_32_1,0,0,"80026,80027,80028",0,0,0,0,0,0
1001053,4,1,80049,10010_32_2,1,500,500,0,50,1000,140,140,135000,49,FishPrefabs/10010_32_2_prefabs,GUI_GEFX_CoinPlay_Coin_20,0,0,0,0,0,0,0,boss_longgui,6000,10010_32_2,0,0,"80029,80030",0,0,0,0,0,0
1001054,4,1,80050,10010_32_4,1,500,500,0,50,1000,140,140,135000,50,FishPrefabs/10010_32_4_prefabs,GUI_GEFX_CoinPlay_Coin_20,0,0,0,0,0,0,0,boss_dahaiguai,6000,10010_32_4,0,0,"80031,80032,80033",0,0,0,0,0,0
1001055,4,1,80051,10010_32_3,1,500,500,0,50,1000,140,140,135000,51,FishPrefabs/10010_32_3_prefabs,GUI_GEFX_CoinPlay_Coin_20,0,0,0,0,0,0,0,yuangujulong,6000,10010_32_3,0,0,"80034,80035,80036",0,0,0,0,0,0
1002011,1,1,80071,10010_1_1,1,2,2,0,180,0,50,50,10400,1,FishPrefabs/10010_1_1_prefabs,GUI_GEFX_CoinPlay_Coin_22,0,0,0,0,0,0,0,0,9000,0,0,0,0,0,0,0,0,0,1
1002012,2,1,80074,10010_2_1,1,10,10,0,140,0,80,80,5250,15,FishPrefabs/10010_2_1_prefabs,GUI_GEFX_CoinPlay_Coin_14,0,0,0,0,0,0,0,0,9000,0,0,0,0,0,0,0,0,0,1
1002013,3,1,80077,10010_3_1,1,50,50,0,70,1000,100,100,7000,32,FishPrefabs/10010_3_1_prefabs,GUI_GEFX_CoinPlay_Coin_25,0,0,0,0,0,wenzi_zhanghonghong,0,0,10000,0,0,0,"80020,80021,80022",0,0,0,0,0,1
1002021,1,1,80072,10010_1_2,1,3,3,0,150,0,50,50,20800,6,FishPrefabs/10010_1_2_prefabs,GUI_GEFX_CoinPlay_Coin_22,0,0,0,0,0,0,0,0,9000,0,0,0,0,0,0,0,0,0,1
1002022,2,1,80075,10010_2_2,1,15,15,0,125,0,80,80,7500,19,FishPrefabs/10010_2_2_prefabs,GUI_GEFX_CoinPlay_Coin_23,0,0,0,0,0,0,0,0,9000,0,0,0,0,0,0,0,0,0,1
1002023,3,1,80078,10010_3_2,1,80,80,0,50,1000,100,100,10000,36,FishPrefabs/10010_3_2_prefabs,GUI_GEFX_CoinPlay_Coin_25,0,0,0,0,0,wenzi_wangdandan,0,0,10000,0,0,0,"80020,80021,80022",0,0,0,0,0,1
1002031,1,1,80073,10010_1_3,1,5,5,0,120,0,50,50,24960,9,FishPrefabs/10010_1_3_prefabs,GUI_GEFX_CoinPlay_Coin_22,0,0,0,0,0,0,0,0,9000,0,0,0,0,0,0,0,0,0,1
1002032,2,1,80076,10010_2_3,1,20,20,0,90,0,80,80,31500,22,FishPrefabs/10010_2_3_prefabs,GUI_GEFX_CoinPlay_Coin_23,0,0,0,0,0,0,0,0,9000,0,0,0,0,0,0,0,0,0,1
1002033,3,1,80079,10010_3_3,1,120,120,0,50,1000,100,100,10000,38,FishPrefabs/10010_3_3_prefabs,GUI_GEFX_CoinPlay_Coin_25,1,0,0,0,0,wenzi_limengmeng,0,0,10000,0,0,0,"80020,80021,80022",0,0,0,0,0,1
1002041,32,1,80011,10010_32_1,1,500,500,0,50,1000,150,150,135000,52,FishPrefabs/10010_32_1_prefabs,0,0,0,0,0,0,0,0,ceshixiaomei,10000,10010_32_1,0,"80101,80102,80103","80201,80202,80203",80301,"80401,80402,80403","80501,80502",80601,0,1
1002042,32,1,80012,10010_32_2,1,500,500,0,50,1000,150,150,135000,49,FishPrefabs/10010_32_2_prefabs,0,0,0,0,0,0,0,0,meishujiejie,10000,10010_32_2,0,"80104,80105,80106","80204,80205,80206",80301,"80401,80402,80403","80501,80502",80601,0,1
1002043,32,1,80013,10010_32_4,1,500,500,0,50,1000,150,150,135000,50,FishPrefabs/10010_32_4_prefabs,0,0,0,0,0,0,0,0,chengxushushu,10000,10010_32_4,0,"80107,80108,80109","80213,80214,80215",80301,"80401,80402,80403","80501,80502",80601,0,1
1002044,32,1,80014,10010_32_3,1,500,500,0,50,1000,150,150,135000,51,FishPrefabs/10010_32_3_prefabs,0,0,0,0,0,0,0,0,cehualaoshi,10000,10010_32_3,0,"80110,80111,80112","80216,80217,80218",80301,"80401,80402,80403","80501,80502",80601,0,1
1002045,3,1,80047,10010_3_4,1,150,150,0,50,1000,100,100,10000,39,FishPrefabs/10010_3_4_prefabs,GUI_GEFX_CoinPlay_Coin_25,0,0,0,0,0,wenzi_zhangerya,0,0,6000,0,0,0,"80020,80021,80022",0,0,0,0,0,0
1002051,33,1,80015,10010_33_1,1,1500,1500,0,50,4000,300,300,0,71,FishPrefabs/10010_33_1_prefabs,GUI_GEFX_CoinPlay_Coin_20,0,0,0,0,0,0,0,laoban,10000,10010_33_1,0,"80113,80114,80115","80221,80222,80212",80302,"80404,80405",80503,"80602,80603","80701,80702",1
1002052,4,1,80048,10010_32_1,1,500,500,0,50,1000,140,140,135000,52,FishPrefabs/10010_32_1_prefabs,GUI_GEFX_CoinPlay_Coin_20,0,0,0,0,0,0,0,boss_meirenyu,6000,10010_32_1,0,0,"80026,80027,80028",0,0,0,0,0,0
1002053,4,1,80049,10010_32_2,1,500,500,0,50,1000,140,140,135000,49,FishPrefabs/10010_32_2_prefabs,GUI_GEFX_CoinPlay_Coin_20,0,0,0,0,0,0,0,boss_longgui,6000,10010_32_2,0,0,"80029,80030",0,0,0,0,0,0
1002054,4,1,80050,10010_32_4,1,500,500,0,50,1000,140,140,135000,50,FishPrefabs/10010_32_4_prefabs,GUI_GEFX_CoinPlay_Coin_20,0,0,0,0,0,0,0,boss_dahaiguai,6000,10010_32_4,0,0,"80031,80032,80033",0,0,0,0,0,0
1002055,4,1,80051,10010_32_3,1,500,500,0,50,1000,140,140,135000,51,FishPrefabs/10010_32_3_prefabs,GUI_GEFX_CoinPlay_Coin_20,0,0,0,0,0,0,0,yuangujulong,6000,10010_32_3,0,0,"80034,80035,80036",0,0,0,0,0,0
1003011,1,1,80071,10010_1_1,1,2,2,0,180,0,50,50,10400,1,FishPrefabs/10010_1_1_prefabs,GUI_GEFX_CoinPlay_Coin_22,0,0,0,0,0,0,0,0,9000,0,0,0,0,0,0,0,0,0,1
1003012,2,1,80074,10010_2_1,1,10,10,0,140,0,80,80,5250,15,FishPrefabs/10010_2_1_prefabs,GUI_GEFX_CoinPlay_Coin_14,0,0,0,0,0,0,0,0,9000,0,0,0,0,0,0,0,0,0,1
1003013,3,1,80077,10010_3_1,1,50,50,0,70,1000,100,100,7000,32,FishPrefabs/10010_3_1_prefabs,GUI_GEFX_CoinPlay_Coin_25,0,0,0,0,0,wenzi_zhanghonghong,0,0,10000,0,0,0,"80020,80021,80022",0,0,0,0,0,1
1003021,1,1,80072,10010_1_2,1,3,3,0,150,0,50,50,20800,6,FishPrefabs/10010_1_2_prefabs,GUI_GEFX_CoinPlay_Coin_22,0,0,0,0,0,0,0,0,9000,0,0,0,0,0,0,0,0,0,1
1003022,2,1,80075,10010_2_2,1,15,15,0,125,0,80,80,7500,19,FishPrefabs/10010_2_2_prefabs,GUI_GEFX_CoinPlay_Coin_23,0,0,0,0,0,0,0,0,9000,0,0,0,0,0,0,0,0,0,1
1003023,3,1,80078,10010_3_2,1,80,80,0,50,1000,100,100,10000,36,FishPrefabs/10010_3_2_prefabs,GUI_GEFX_CoinPlay_Coin_25,0,0,0,0,0,wenzi_wangdandan,0,0,10000,0,0,0,"80020,80021,80022",0,0,0,0,0,1
1003031,1,1,80073,10010_1_3,1,5,5,0,120,0,50,50,24960,9,FishPrefabs/10010_1_3_prefabs,GUI_GEFX_CoinPlay_Coin_22,0,0,0,0,0,0,0,0,9000,0,0,0,0,0,0,0,0,0,1
1003032,2,1,80076,10010_2_3,1,20,20,0,90,0,80,80,31500,22,FishPrefabs/10010_2_3_prefabs,GUI_GEFX_CoinPlay_Coin_23,0,0,0,0,0,0,0,0,9000,0,0,0,0,0,0,0,0,0,1
1003033,3,1,80079,10010_3_3,1,120,120,0,50,1000,100,100,10000,38,FishPrefabs/10010_3_3_prefabs,GUI_GEFX_CoinPlay_Coin_25,1,0,0,0,0,wenzi_limengmeng,0,0,10000,0,0,0,"80020,80021,80022",0,0,0,0,0,1
1003041,32,1,80011,10010_32_1,1,500,500,0,50,1000,150,150,135000,52,FishPrefabs/10010_32_1_prefabs,0,0,0,0,0,0,0,0,ceshixiaomei,10000,10010_32_1,0,"80101,80102,80103","80201,80202,80203",80301,"80401,80402,80403","80501,80502",80601,0,1
1003042,32,1,80012,10010_32_2,1,500,500,0,50,1000,150,150,135000,49,FishPrefabs/10010_32_2_prefabs,0,0,0,0,0,0,0,0,meishujiejie,10000,10010_32_2,0,"80104,80105,80106","80204,80205,80206",80301,"80401,80402,80403","80501,80502",80601,0,1
1003043,32,1,80013,10010_32_4,1,500,500,0,50,1000,150,150,135000,50,FishPrefabs/10010_32_4_prefabs,0,0,0,0,0,0,0,0,chengxushushu,10000,10010_32_4,0,"80107,80108,80109","80213,80214,80215",80301,"80401,80402,80403","80501,80502",80601,0,1
1003044,32,1,80014,10010_32_3,1,500,500,0,50,1000,150,150,135000,51,FishPrefabs/10010_32_3_prefabs,0,0,0,0,0,0,0,0,cehualaoshi,10000,10010_32_3,0,"80110,80111,80112","80216,80217,80218",80301,"80401,80402,80403","80501,80502",80601,0,1
1003045,3,1,80047,10010_3_4,1,150,150,0,50,1000,100,100,10000,39,FishPrefabs/10010_3_4_prefabs,GUI_GEFX_CoinPlay_Coin_25,0,0,0,0,0,wenzi_zhangerya,0,0,6000,0,0,0,"80023,80024,80025",0,0,0,0,0,0
1003051,33,1,80015,10010_33_1,1,1500,1500,0,50,4000,300,300,0,71,FishPrefabs/10010_33_1_prefabs,GUI_GEFX_CoinPlay_Coin_20,0,0,0,0,0,0,0,laoban,10000,10010_33_1,0,"80113,80114,80115","80221,80222,80212",80302,"80404,80405",80503,"80602,80603","80701,80702",1
1003052,4,1,80048,10010_32_1,1,500,500,0,50,1000,140,140,135000,52,FishPrefabs/10010_32_1_prefabs,GUI_GEFX_CoinPlay_Coin_20,0,0,0,0,0,0,0,boss_meirenyu,6000,10010_32_1,0,0,"80026,80027,80028",0,0,0,0,0,0
1003053,4,1,80049,10010_32_2,1,500,500,0,50,1000,140,140,135000,49,FishPrefabs/10010_32_2_prefabs,GUI_GEFX_CoinPlay_Coin_20,0,0,0,0,0,0,0,boss_longgui,6000,10010_32_2,0,0,"80029,80030",0,0,0,0,0,0
1003054,4,1,80050,10010_32_4,1,500,500,0,50,1000,140,140,135000,50,FishPrefabs/10010_32_4_prefabs,GUI_GEFX_CoinPlay_Coin_20,0,0,0,0,0,0,0,boss_dahaiguai,6000,10010_32_4,0,0,"80031,80032,80033",0,0,0,0,0,0
1003055,4,1,80051,10010_32_3,1,500,500,0,50,1000,140,140,135000,51,FishPrefabs/10010_32_3_prefabs,GUI_GEFX_CoinPlay_Coin_20,0,0,0,0,0,0,0,yuangujulong,6000,10010_32_3,0,0,"80034,80035,80036",0,0,0,0,0,0